,,,,,US-en,US-en,MX-es,MX-es,BR-pt,BR-pt,RU-ru,RU-ru,UK-uk,UK-uk,DE-de,DE-de,FR-fr,FR-fr,ID-id,ID-id,KR-ko,KR-ko,VN-vi,VN-vi,JP-ja,JP-ja,IT-it,IT-it,IN-hi,IN-hi,TH-th,TH-th,MS-ms,MS-ms,UAE-ar,UAE-ar
Month,Date,Sale-off,Global,Time,Title,Description,Title,Description,Title,Description,Title,Description,Title,Description,Title,Description,Title,Description,Title,Description,Title,Description,Title,Description,Title,Description,Title,Description,Title,Description,Title,Description,Title,Description,Title,Description
1,1,70%,Happy New Year!,9h,ğŸ’¥[SHOCK] NEW YEAR SALE -70%ğŸ’¥,Super Sale Only Today ğŸ‘‰,ğŸ’¥ [SHOCK] OFERTA DE AÃ‘O NUEVO -70% ğŸ’¥,Super venta solo hoy ğŸ‘‰,ğŸ’¥ [CHOQUE] PROMOÃ‡ÃƒO DE ANO NOVO -70% ğŸ’¥,Super venda apenas hoje ğŸ‘‰,ğŸ’¥ [SHOCK] ĞĞĞ’ĞĞ“ĞĞ”ĞĞ¯Ğ¯ Ğ ĞĞ¡ĞŸĞ ĞĞ”ĞĞ–Ğ -70% ğŸ’¥,Ğ¡ÑƒĞ¿ĞµÑ€ Ñ€Ğ°ÑĞ¿Ñ€Ğ¾Ğ´Ğ°Ğ¶Ğ° Ñ‚Ğ¾Ğ»ÑŒĞºĞ¾ ÑĞµĞ³Ğ¾Ğ´Ğ½Ñ ğŸ‘‰,ğŸ’¥ [Ğ¨ĞĞš] ĞĞĞ’ĞĞ Ğ†Ğ§ĞĞ˜Ğ™ Ğ ĞĞ—ĞŸĞ ĞĞ”ĞĞ– -70% ğŸ’¥,Ğ¡ÑƒĞ¿ĞµÑ€ Ñ€Ğ¾Ğ·Ğ¿Ñ€Ğ¾Ğ´Ğ°Ğ¶ Ñ‚Ñ–Ğ»ÑŒĞºĞ¸ ÑÑŒĞ¾Ğ³Ğ¾Ğ´Ğ½Ñ– ğŸ‘‰,ğŸ’¥ [SCHOCK] NEUJAHR SALE -70% ğŸ’¥,Nur heute Super Sale ğŸ‘‰,ğŸ’¥ [SHOCK] VENTE DU NOUVEL AN -70% ğŸ’¥,Super vente seulement aujourd'hui ğŸ‘‰,ğŸ’¥ [SHOCK] PROMO TAHUN BARU -70% ğŸ’¥,Super Sale Hanya Hari Ini ğŸ‘‰,ğŸ’¥ [ì‡¼í¬] ìƒˆí•´ ì„¸ì¼ -70% ğŸ’¥,ì˜¤ëŠ˜ë§Œ ìŠˆí¼ì„¸ì¼ ğŸ‘‰,ğŸ’¥ [Sá»C] GIáº¢M GIÃ NÄ‚M Má»šI -70% ğŸ’¥,SiÃªu giáº£m giÃ¡ duy nháº¥t hÃ´m nay ğŸ‘‰,ğŸ’¥[SHOCK] æ–°å¹´ ã‚»ãƒ¼ãƒ«-50ï¼…ğŸ’¥,ä»Šæ—¥ã ã‘ã®ã‚¹ãƒ¼ãƒ‘ãƒ¼ã‚»ãƒ¼ãƒ«ğŸ‘‰,ğŸ’¥ [SHOCK] CAPODANNO SALDI -70% ğŸ’¥,Super saldi solo oggi ğŸ‘‰,ğŸ’¥ [à¤à¤Ÿà¤•à¤¾] à¤¨à¤ à¤¸à¤¾à¤² à¤•à¥€ à¤¬à¤¿à¤•à¥à¤°à¥€ -70% ğŸ’¥,à¤¸à¥à¤ªà¤° à¤¸à¥‡à¤² à¤•à¥‡à¤µà¤² à¤†à¤œ ğŸ‘‰,ğŸ’¥ [à¸Šà¹‡à¸­à¸„] à¸¥à¸”à¸£à¸²à¸„à¸²à¸›à¸µà¹ƒà¸«à¸¡à¹ˆ -70% ğŸ’¥,Super Sale à¸§à¸±à¸™à¸™à¸µà¹‰à¹€à¸—à¹ˆà¸²à¸™à¸±à¹‰à¸™ ğŸ‘‰,ğŸ’¥ [GEMPAR] TAHUN BARU SALE -70% ğŸ’¥,Jualan Super Sahaja Hari Ini ğŸ‘‰,ğŸ’¥ [ØµØ¯Ù…Ø©] ØªØ®ÙÙŠØ¶Ø§Øª Ù„ÙŠÙ„Ø© Ø±Ø£Ø³ Ø§Ù„Ø³Ù†Ø© Ø§Ù„Ø¬Ø¯ÙŠØ¯Ø© -50Ùª ğŸ’¥,Ø³ÙˆØ¨Ø± Ø¨ÙŠØ¹ Ø§Ù„ÙŠÙˆÙ… ÙÙ‚Ø· ğŸ‘‰
1,1,70%,Happy New Year!,15h,ğŸ†HAPPY NEW YEARğŸ† 70% OFF,Hurry Up to Grab the DEAL ğŸ‘‰,ğŸ†FELIZ AÃ‘O NUEVOğŸ† 70% DE DESCUENTO,Date prisa para conseguir un buen trato ğŸ‘‰,ğŸ†FELIZ ANO NOVOğŸ† 70% DE DESCONTO,Corra para pegar o HOT DEAL ğŸ‘‰,ğŸ† Ğ¡ ĞĞĞ’Ğ«Ğœ Ğ“ĞĞ”ĞĞœ ğŸ† Ğ¡ĞšĞ˜Ğ”ĞšĞ 70%,Ğ¡Ğ¿ĞµÑˆĞ¸Ñ‚Ğµ Ğ¿Ğ¾Ğ»ÑƒÑ‡Ğ¸Ñ‚ÑŒ Ğ“ĞĞ Ğ¯Ğ§Ğ•Ğ• ĞŸĞ Ğ•Ğ”Ğ›ĞĞ–Ğ•ĞĞ˜Ğ• ğŸ‘‰,ğŸ† Ğ©Ğ°ÑĞ»Ğ¸Ğ²Ğ¾Ğ³Ğ¾ ĞĞ¾Ğ²Ğ¾Ğ³Ğ¾ Ñ€Ğ¾ĞºÑƒ ğŸ† Ğ—ĞĞ˜Ğ–ĞšĞ 70%.,ĞŸĞ¾ÑĞ¿Ñ–ÑˆĞ°Ğ¹Ñ‚Ğµ Ğ¾Ñ‚Ñ€Ğ¸Ğ¼Ğ°Ñ‚Ğ¸ Ğ“ĞĞ Ğ¯Ğ§Ğ£ ĞŸĞ ĞĞ“Ğ ĞĞœĞ£ ğŸ‘‰,GLÃœCKLICHES NEUES JAHR!,"Beeilen Sie sich, um den HOT DEAL zu sichern ğŸ‘‰",ğŸ† BONNE ANNÃ‰E ğŸ† 70% DE RÃ‰DUCTION,DÃ©pÃªchez-vous de saisir le HOT DEAL ğŸ‘‰,ğŸ† SELAMAT TAHUN BARU ğŸ† DISKON 70%,Cepat Dapatkan HOT DEAL ğŸ‘‰,ğŸ†ìƒˆí•´ ë³µ ë§ì´ ë°›ìœ¼ì„¸ìš”ğŸ† 70% í• ì¸,HOT DEAL ì„œë‘ë¥´ì„¸ìš” ğŸ‘‰,ğŸ† Má»ªNG NÄ‚M Má»šI ğŸ† GIáº¢M NGAY 70%,HÃ£y Nhanh Tay Äá»ƒ Nháº­n Æ¯U ÄÃƒI Háº¤P DáºªN ğŸ‘‰,ğŸ† ã‚ã‘ã¾ã—ã¦ãŠã‚ã§ã¨ã†ï¼ğŸ† 50ï¼…ã‚ªãƒ•,æ€¥ã„ã§ãƒ›ãƒƒãƒˆãƒ‡ã‚£ãƒ¼ãƒ«ã‚’æ‰‹ã«å…¥ã‚Œã‚ˆã†ğŸ‘‰,ğŸ† BUON ANNO ğŸ† 70% DI SCONTO,Sbrigati a prendere l'OFFERTA HOT ğŸ‘‰,ğŸ† à¤¨à¤µà¤µà¤°à¥à¤· à¤•à¥€ à¤¸à¤¦à¤¸à¥à¤¯à¤¤à¤¾ ğŸ† 70% à¤•à¥€ à¤›à¥‚à¤Ÿ,à¤¹à¥‰à¤Ÿ à¤¡à¥€à¤² à¤¹à¤¾à¤¸à¤¿à¤² à¤•à¤°à¤¨à¥‡ à¤•à¥‡ à¤²à¤¿à¤ à¤œà¤²à¥à¤¦à¥€ à¤•à¤°à¥‡à¤‚ ğŸ‘‰,ğŸ† à¸ªà¸§à¸±à¸ªà¸”à¸µà¸›à¸µà¹ƒà¸«à¸¡à¹ˆ ğŸ† 70% OFF,à¸£à¸µà¸šà¸„à¸§à¹‰à¸²à¸‚à¹‰à¸­à¹€à¸ªà¸™à¸­à¸ªà¸¸à¸”à¸®à¸­à¸• ğŸ‘‰,ğŸ† SELAMAT TAHUN BARU ğŸ† DISKAUN 70%.,Cepat Dapatkan TAWARAN PANAS ğŸ‘‰,ğŸ†Ø³Ù†Ù‡ Ø¬Ø¯ÙŠØ¯Ù‡ Ø³Ø¹ÙŠØ¯Ù‡ ğŸ† Ø®ØµÙ… 50Ùª,Ø³Ø§Ø±Ø¹ Ù„Ù„Ø§Ø³ØªÙŠÙ„Ø§Ø¡ Ø¹Ù„Ù‰ HOT DEAL ğŸ‘‰
1,1,70%,Happy New Year!,20h,OOPS! Flash Sale ending soon ğŸ˜±ğŸ˜±,DON'T MISS IT ğŸ‘‰,"Â¡Oh, no! La venta flash finalizarÃ¡ pronto ğŸ˜±ğŸ˜±",NO TE LO PIERDAS ğŸ‘‰,OH NÃƒO! PromoÃ§Ã£o relÃ¢mpago terminando em breve ğŸ˜±ğŸ˜±,NÃƒO PERCA ğŸ‘‰,"Ğ, ĞĞ•Ğ¢! Ğ¤Ğ»ÑÑˆ-Ñ€Ğ°ÑĞ¿Ñ€Ğ¾Ğ´Ğ°Ğ¶Ğ° ÑĞºĞ¾Ñ€Ğ¾ Ğ·Ğ°ĞºĞ¾Ğ½Ñ‡Ğ¸Ñ‚ÑÑ ğŸ˜±ğŸ˜±",ĞĞ• ĞŸĞ ĞĞŸĞ£Ğ¡Ğ¢Ğ˜Ğ¢Ğ• ğŸ‘‰,Ğ ĞĞ†! Ğ¤Ğ»ĞµÑˆ-Ñ€Ğ¾Ğ·Ğ¿Ñ€Ğ¾Ğ´Ğ°Ğ¶ Ğ½ĞµĞ·Ğ°Ğ±Ğ°Ñ€Ğ¾Ğ¼ Ğ·Ğ°ĞºÑ–Ğ½Ñ‡Ğ¸Ñ‚ÑŒÑÑ ğŸ˜±ğŸ˜±,ĞĞ• ĞŸĞ ĞĞŸĞ£Ğ¡Ğ¢Ğ†Ğ¢Ğ¬ ğŸ‘‰,ACH NEIN! Flash Sale endet bald ğŸ˜±ğŸ˜±,NICHT VERPASSEN ğŸ‘‰,OH NON! La vente flash se termine bientÃ´t ğŸ˜±ğŸ˜±,A NE PAS MANQUER ğŸ‘‰,OH TIDAK! Flash Sale akan segera berakhir ğŸ˜±ğŸ˜±,JANGAN LEWATKAN ğŸ‘‰,ì•ˆ ë¼! í”Œë˜ì‹œ ì„¸ì¼ì´ ê³§ ì¢…ë£Œë©ë‹ˆë‹¤ ğŸ˜±ğŸ˜±,ë†“ì¹˜ì§€ ë§ˆì„¸ìš” ğŸ‘‰,OOPS! Flash Sale sáº¯p káº¿t thÃºc ğŸ˜±ğŸ˜±,Äá»ªNG Bá» Lá»  ğŸ‘‰,å¤§é‡ï¼ ãƒ•ãƒ©ãƒƒã‚·ãƒ¥ã‚»ãƒ¼ãƒ«ã¯ã¾ã‚‚ãªãçµ‚äº†ã—ã¾ã™ğŸ˜±ğŸ˜±,ãŠè¦‹é€ƒã—ãªãğŸ‘‰,OOPS! La vendita flash sta per terminare ğŸ˜±ğŸ˜±,DA NON PERDERE ğŸ‘‰,à¤¨à¤¹à¥€à¤‚ à¤“! à¤«à¥à¤²à¥ˆà¤¶ à¤¸à¥‡à¤² à¤œà¤²à¥à¤¦ à¤–à¤¤à¥à¤® à¤¹à¥‹ à¤°à¤¹à¥€ à¤¹à¥ˆ ğŸ˜±ğŸ˜±,à¤‡à¤¸à¥‡ à¤®à¤¿à¤¸ à¤¨ à¤•à¤°à¥‡à¤‚ ğŸ‘‰,à¹„à¸¡à¹ˆà¸™à¸°! Flash Sale à¹ƒà¸à¸¥à¹‰à¸«à¸¡à¸”à¹€à¸‚à¸•à¹à¸¥à¹‰à¸§ ğŸ˜±ğŸ˜±,à¸«à¹‰à¸²à¸¡à¸à¸¥à¸²à¸” ğŸ‘‰,OH TIDAK! Flash Sale akan tamat tidak lama lagi ğŸ˜±ğŸ˜±,JANGAN LEPASKAN ğŸ‘‰,Ø£ÙˆÙ‡ Ù„Ø§! Ø¨ÙŠØ¹ ÙÙ„Ø§Ø´ Ø³ÙŠÙ†ØªÙ‡ÙŠ Ù‚Ø±ÙŠØ¨Ù‹Ø§ ğŸ˜±ğŸ˜±,Ù„Ø§ ØªÙÙˆØªÙ‡Ø§ ğŸ‘‰
1,11,70%,Flash Sale,9h,SUPER SALE ONLY TODAY ğŸ·ï¸ğŸ·ï¸,"SALE OFF -70%, for only loyalty users ğŸ‘‰ğŸ¼",SUPER VENTA SOLO HOY ğŸ·ï¸ğŸ·ï¸,"VENTA DE DESCUENTO -70%, solo para usuarios fieles ğŸ‘‰ğŸ¼",SUPER VENDA SÃ“ â€‹â€‹HOJE ï¸ğŸ·ï¸,"VENDA OFF -70%, apenas para usuÃ¡rios fiÃ©is ğŸ‘‰ğŸ¼",Ğ¡Ğ£ĞŸĞ•Ğ  ĞŸĞ ĞĞ”ĞĞ–Ğ Ğ¢ĞĞ›Ğ¬ĞšĞ Ğ¡Ğ•Ğ“ĞĞ”ĞĞ¯ ï¸ğŸ·ï¸,"Ğ¡ĞšĞ˜Ğ”ĞšĞ -70%, Ñ‚Ğ¾Ğ»ÑŒĞºĞ¾ Ğ¿Ğ¾ÑÑ‚Ğ¾ÑĞ½Ğ½Ñ‹Ğ¼ Ğ¿Ğ¾Ğ»ÑŒĞ·Ğ¾Ğ²Ğ°Ñ‚ĞµĞ»ÑĞ¼ ğŸ‘‰ğŸ¼",Ğ¡Ğ£ĞŸĞ•Ğ  Ğ ĞĞ—ĞŸĞ ĞĞ”ĞĞ– Ğ¢Ğ†Ğ›Ğ¬ĞšĞ˜ Ğ¡Ğ¬ĞĞ“ĞĞ”ĞĞ† ï¸ğŸ·ï¸,"Ğ—ĞĞ˜Ğ–ĞšĞ -70%, Ñ‚Ñ–Ğ»ÑŒĞºĞ¸ Ğ´Ğ»Ñ Ğ¿Ğ¾ÑÑ‚Ñ–Ğ¹Ğ½Ğ¸Ñ… ĞºĞ¾Ñ€Ğ¸ÑÑ‚ÑƒĞ²Ğ°Ñ‡Ñ–Ğ² ğŸ‘‰ğŸ¼",SUPER SALE NUR HEUTE ï¸ğŸ·ï¸,"SALE OFF -70%, nur fÃ¼r treue Benutzer ğŸ‘‰ğŸ¼",SUPER VENTE UNIQUEMENT AUJOURD'HUI ï¸ğŸ·ï¸,"PROMO -70%, rÃ©servÃ© aux utilisateurs fidÃ¨les ğŸ‘‰ğŸ¼",SUPER SALE HANYA HARI INI ï¸ğŸ·ï¸,"SALE OFF -70%, hanya untuk pengguna setia ğŸ‘‰ğŸ¼",ì˜¤ëŠ˜ë§Œ ìŠˆí¼ì„¸ì¼ ï¸ğŸ·ï¸,"SALE OFF -70%, ì¶©ì„±ë„ê°€ ë†’ì€ ì‚¬ìš©ìë§Œ ğŸ‘‰ğŸ¼",SIÃŠU SALE CHá»ˆ CÃ’N HÃ”M NAY ğŸ·ï¸ğŸ·ï¸,"SALE OFF -70%, chá»‰ dÃ nh cho ngÆ°á»i dÃ¹ng trung thÃ nh ğŸ‘‰ğŸ¼",ä»Šæ—¥ã ã‘ã®ã‚¹ãƒ¼ãƒ‘ãƒ¼ã‚»ãƒ¼ãƒ«ï¸ğŸ·ï¸ğŸ·ï¸,ã‚»ãƒ¼ãƒ«ã‚ªãƒ•-30ï¼…ã€å¿ å®Ÿãªãƒ¦ãƒ¼ã‚¶ãƒ¼ã®ã¿ğŸ‘‰ğŸ¼,SUPER VENDITA SOLO OGGI ï¸ğŸ·ï¸,"VENDITA -70%, solo per utenti fedeli ğŸ‘‰ğŸ¼",à¤¸à¥à¤ªà¤° à¤¸à¥‡à¤² à¤•à¥‡à¤µà¤² à¤†à¤œ ï¸ğŸ·ï¸,"à¤¬à¤¿à¤•à¥à¤°à¥€ -70%, à¤•à¥‡à¤µà¤² à¤µà¤«à¤¾à¤¦à¤¾à¤° à¤‰à¤ªà¤¯à¥‹à¤—à¤•à¤°à¥à¤¤à¤¾à¤“à¤‚ à¤•à¥‡ à¤²à¤¿à¤ ğŸ‘‰ğŸ¼",SUPER SALE à¸§à¸±à¸™à¸™à¸µà¹‰à¹€à¸—à¹ˆà¸²à¸™à¸±à¹‰à¸™ ï¸ğŸ·ï¸ğŸ·ï¸,SALE -70% à¸ªà¸³à¸«à¸£à¸±à¸šà¸œà¸¹à¹‰à¹ƒà¸Šà¹‰à¸—à¸µà¹ˆà¸ à¸±à¸à¸”à¸µà¹€à¸—à¹ˆà¸²à¸™à¸±à¹‰à¸™ ğŸ‘‰ğŸ¼,SUPER SALE HANYA HARI INI ï¸ğŸ·ï¸ğŸ·ï¸,"SALE -70%, untuk pengguna setia sahaja ğŸ‘‰ğŸ¼",Ø¨ÙŠØ¹ Ø³ÙˆØ¨Ø± ÙÙ‚Ø· Ø§Ù„ÙŠÙˆÙ… ï¸ğŸ·ï¸ğŸ·ï¸,ØªØ®ÙÙŠØ¶Ø§Øª -30Ùª ÙÙ‚Ø· Ù„Ù„Ù…Ø³ØªØ®Ø¯Ù…ÙŠÙ† Ø§Ù„Ø£ÙˆÙÙŠØ§Ø¡ ğŸ‘‰ğŸ¼
1,11,70%,Flash Sale,15h,ONLY 100 Coupons for The Fastest ğŸ·ï¸ğŸ·ï¸,Hurry Up to Grab the DEAL ğŸ‘‰,SOLO quedan 100 cupones para la persona MÃS RÃPIDA ğŸ·ï¸ğŸ·ï¸,Obtenga rÃ¡pidamente la OFERTA ahora ğŸ‘‰,APENAS 100 cupons para a pessoa mais rÃ¡pida ï¸ğŸ·ï¸,Obtenha o CUPON agora mesmo ğŸ‘‰,Ğ¢ĞĞ›Ğ¬ĞšĞ 100 ĞºÑƒĞ¿Ğ¾Ğ½Ğ¾Ğ² Ğ´Ğ»Ñ ÑĞ°Ğ¼Ğ¾Ğ³Ğ¾ Ğ±Ñ‹ÑÑ‚Ñ€Ğ¾Ğ³Ğ¾ ï¸ğŸ·ï¸,ĞŸĞ¾Ğ»ÑƒÑ‡Ğ¸Ñ‚Ğµ Ğ’ĞĞ£Ğ§Ğ•Ğ  Ğ¿Ñ€ÑĞ¼Ğ¾ ÑĞµĞ¹Ñ‡Ğ°Ñ ğŸ‘‰,Ğ¢Ğ†Ğ›Ğ¬ĞšĞ˜ 100 ĞºÑƒĞ¿Ğ¾Ğ½Ñ–Ğ² Ğ´Ğ»Ñ Ğ½Ğ°Ğ¹ÑˆĞ²Ğ¸Ğ´ÑˆĞ¾Ñ— Ğ»ÑĞ´Ğ¸Ğ½Ğ¸ ï¸ğŸ·ï¸,ĞÑ‚Ñ€Ğ¸Ğ¼Ğ°Ğ¹Ñ‚Ğµ Ğ’ĞĞ£Ğ§Ğ•Ğ  Ğ¿Ñ€ÑĞ¼Ğ¾ Ğ·Ğ°Ñ€Ğ°Ğ· ğŸ‘‰,NUR 100 Gutscheine fÃ¼r die schnellste Person ï¸ğŸ·ï¸,Hol dir jetzt den GUTSCHEIN ğŸ‘‰,SEULEMENT 100 coupons pour la personne la plus rapide ï¸ğŸ·ï¸,Obtenez le BON dÃ¨s maintenant ğŸ‘‰,HANYA 100 Kupon untuk Orang Tercepat ï¸ğŸ·ï¸,Dapatkan VOUCHERnya sekarang juga ğŸ‘‰,ê°€ì¥ ë¹ ë¥¸ ì‚¬ëŒì„ ìœ„í•œ ë‹¨ 100ê°œì˜ ì¿ í° ï¸ğŸ·ï¸,ì§€ê¸ˆ ë°”ë¡œ ë°”ìš°ì²˜ ë°›ê¸° ğŸ‘‰,CHá»ˆ 100 Phiáº¿u Giáº£m GiÃ¡ cho NgÆ°á»i Nhanh Nháº¥t ğŸ·ï¸ğŸ·ï¸,Nhanh tay nháº­n DEAL ngay ğŸ‘‰,æœ€é€Ÿã®äººã®ãŸã‚ã®ãŸã£ãŸ100æšã®ã‚¯ãƒ¼ãƒãƒ³ï¸ğŸ·ï¸ğŸ·ï¸,ã‚¯ãƒ¼ãƒãƒ³ã‚’å…¥æ‰‹ğŸ‘‰,SOLO 100 coupon per la persona piÃ¹ veloce ï¸ğŸ·ï¸,Ottieni COUPON ğŸ‘‰,à¤¸à¤¬à¤¸à¥‡ à¤¤à¥‡à¤œà¤¼ à¤µà¥à¤¯à¤•à¥à¤¤à¤¿ à¤•à¥‡ à¤²à¤¿à¤ à¤•à¥‡à¤µà¤² 100 à¤•à¥‚à¤ªà¤¨ ï¸ğŸ·ï¸,à¤•à¥‚à¤ªà¤¨ à¤ªà¥à¤°à¤¾à¤ªà¥à¤¤ à¤•à¤°à¥‡à¤‚ ğŸ‘‰,100 à¸„à¸¹à¸›à¸­à¸‡à¹€à¸—à¹ˆà¸²à¸™à¸±à¹‰à¸™ à¸ªà¸³à¸«à¸£à¸±à¸šà¸„à¸™à¸—à¸µà¹ˆà¹€à¸£à¹‡à¸§à¸—à¸µà¹ˆà¸ªà¸¸à¸” ï¸ğŸ·ï¸ğŸ·ï¸,à¸£à¸±à¸šà¸„à¸¹à¸›à¸­à¸‡ ğŸ‘‰,HANYA 100 Kupon untuk Orang Terpantas ï¸ğŸ·ï¸ğŸ·ï¸,Dapatkan KUPON ğŸ‘‰,100 ÙƒÙˆØ¨ÙˆÙ† ÙÙ‚Ø· Ù„Ø£Ø³Ø±Ø¹ Ø´Ø®Øµ ï¸ğŸ·ï¸ğŸ·ï¸,Ø§Ø­ØµÙ„ Ø¹Ù„Ù‰ ÙƒÙˆØ¨ÙˆÙ† ğŸ‘‰
1,11,70%,Flash Sale,20h,ONLY 20 Coupon Left ğŸ·ï¸ğŸ·ï¸,Open to catch your Flash SaleğŸ‘‰,Solo 20 Cupones Restantes ğŸ·ï¸ğŸ·ï¸,Abierto para ponerse al dÃ­a con Quick Deals ğŸ‘‰,SOMENTE 20 cupons restantes ğŸ·ï¸ğŸ·ï¸,Abra para pegar o seu negÃ³cio rÃ¡pido ğŸ‘‰,ĞÑÑ‚Ğ°Ğ»Ğ¾ÑÑŒ Ğ¢ĞĞ›Ğ¬ĞšĞ 20 ĞºÑƒĞ¿Ğ¾Ğ½Ğ¾Ğ² ğŸ·ï¸ğŸ·ï¸,"ĞÑ‚ĞºÑ€Ğ¾Ğ¹Ñ‚Ğµ, Ñ‡Ñ‚Ğ¾Ğ±Ñ‹ Ğ¿Ğ¾Ğ¹Ğ¼Ğ°Ñ‚ÑŒ Ğ²Ğ°ÑˆÑƒ Ğ±Ñ‹ÑÑ‚Ñ€ÑƒÑ ÑĞ´ĞµĞ»ĞºÑƒ ğŸ‘‰",Ğ—Ğ°Ğ»Ğ¸ÑˆĞ¸Ğ»Ğ¾ÑÑ Ğ›Ğ˜Ğ¨Ğ• 20 ĞºÑƒĞ¿Ğ¾Ğ½Ñ–Ğ² ğŸ·ï¸ğŸ·ï¸,"Ğ’Ñ–Ğ´ĞºÑ€Ğ¸Ğ¹Ñ‚Ğµ, Ñ‰Ğ¾Ğ± Ğ¾Ñ‚Ñ€Ğ¸Ğ¼Ğ°Ñ‚Ğ¸ ÑˆĞ²Ğ¸Ğ´ĞºÑƒ Ğ¿Ñ€Ğ¾Ğ¿Ğ¾Ğ·Ğ¸Ñ†Ñ–Ñ ğŸ‘‰",NUR 20 Gutschein Ã¼brig ï¸ğŸ·ï¸,"Ã–ffnen Sie, um Ihren Quick Deal zu fangen ğŸ‘‰",SEULEMENT 20 coupons restants ğŸ·ï¸ğŸ·ï¸,Ouvrez pour profiter de votre offre rapide ğŸ‘‰,HANYA 20 Kupon Tersisa ï¸ğŸ·ï¸,Buka untuk mendapatkan Penawaran Cepat Anda ğŸ‘‰,ğŸ·ï¸ğŸ·ï¸ ì¿ í° 20ê°œ ë‚¨ì•˜ìŠµë‹ˆë‹¤.,ì˜¤í”ˆí•˜ì—¬ í€µë”œì„ ì¡ìœ¼ì„¸ìš” ğŸ‘‰,CHá»ˆ CÃ’N 20 Coupon ğŸ·ï¸ğŸ·ï¸,Má»Ÿ Ä‘á»ƒ Ä‘Ã³n Æ¯u Ä‘Ã£i ğŸ‘‰,æ®‹ã‚Šã‚ãšã‹20ã‚¯ãƒ¼ãƒãƒ³ğŸ·ï¸ğŸ·ï¸,ã‚¯ãƒ¼ãƒãƒ³ã‚’å–å¾—ã™ã‚‹ãŸã‚ã«é–‹ãã¾ã™ğŸ‘‰,SOLO 20 Coupon rimasti ğŸ·ï¸ğŸ·ï¸,Apri per ottenere il Coupon ğŸ‘‰,à¤•à¥‡à¤µà¤² 20 à¤•à¥‚à¤ªà¤¨ à¤¬à¤šà¥‡ à¤¹à¥ˆà¤‚ ï¸ğŸ·ï¸,à¤•à¥‚à¤ªà¤¨ à¤ªà¥à¤°à¤¾à¤ªà¥à¤¤ à¤•à¤°à¤¨à¥‡ à¤•à¥‡ à¤²à¤¿à¤ à¤–à¥à¤²à¤¾ ğŸ‘‰,à¹€à¸«à¸¥à¸·à¸­à¹€à¸à¸µà¸¢à¸‡ 20 à¸„à¸¹à¸›à¸­à¸‡ ğŸ·ï¸ğŸ·ï¸,à¹€à¸›à¸´à¸”à¸£à¸±à¸šà¸„à¸¹à¸›à¸­à¸‡ ğŸ‘‰,Tinggal 20 Kupon SAHAJA ğŸ·ï¸ğŸ·ï¸,Buka untuk dapatkan Kupon ğŸ‘‰,Ø¨Ù‚ÙŠ 20 Ù‚Ø³ÙŠÙ…Ø© ÙÙ‚Ø· ğŸ·ï¸ğŸ·ï¸,Ø§ÙØªØ­ Ù„ØªØ­ØµÙ„ Ø¹Ù„Ù‰ Ø§Ù„Ù‚Ø³ÙŠÙ…Ø© ğŸ‘‰
2,2,70%,Flash Sale 2:2,9h,ğŸ”¥ ONLY chance to discount -70% ğŸ”¥,"Catch it, catch it now ğŸ‘‰ğŸ¼",ğŸ”¥ SOLO 1 dÃ­a: descuento -70% ğŸ”¥,"CÃ³gelo, cÃ³gelo ahora ğŸ‘‰ğŸ¼",ğŸ”¥ APENAS 1 DIA: desconto -70% ğŸ”¥,Cadastre-se agora ğŸ‘‰ğŸ¼,ğŸ”¥ Ğ¢ĞĞ›Ğ¬ĞšĞ 1 Ğ”Ğ•ĞĞ¬: ÑĞºĞ¸Ğ´ĞºĞ° -70% ğŸ”¥,ĞŸÑ€Ğ¸ÑĞ¾ĞµĞ´Ğ¸Ğ½ÑĞ¹Ñ‚ĞµÑÑŒ ÑĞµĞ¹Ñ‡Ğ°Ñ ğŸ‘‰ğŸ¼,ğŸ”¥ Ğ¢Ğ†Ğ›Ğ¬ĞšĞ˜ 1 Ğ”Ğ•ĞĞ¬: Ğ·Ğ½Ğ¸Ğ¶ĞºĞ° -70% ğŸ”¥,ĞŸÑ€Ğ¸Ñ”Ğ´Ğ½ÑƒĞ¹Ñ‚ĞµÑÑŒ Ğ·Ğ°Ñ€Ğ°Ğ· ğŸ‘‰ğŸ¼,ğŸ”¥ NUR 1 TAG: Rabatt -70% ğŸ”¥,Jetzt mitmachen ğŸ‘‰ğŸ¼,ğŸ”¥ SEULEMENT 1 JOUR : remise -70% ğŸ”¥,Inscrivez-vous maintenant ğŸ‘‰ğŸ¼,ğŸ”¥ HANYA 1 HARI: diskon -70% ğŸ”¥,Gabung sekarang ğŸ‘‰ğŸ¼,ğŸ”¥ ë‹¨ í•˜ë£¨: í• ì¸ -70% ğŸ”¥,ì§€ê¸ˆ ë°”ë¡œ ì°¸ì—¬í•˜ì„¸ìš” ğŸ‘‰ğŸ¼,ğŸ”¥ CÆ  Há»˜I giáº£m giÃ¡ -70% DUY NHáº¤TğŸ”¥,Tham gia ngay ğŸ‘‰ğŸ¼,ğŸ”¥ãŸã£ãŸ1æ—¥ï¼šå‰²å¼•-50ï¼…ğŸ”¥,ã‚­ãƒ£ãƒƒãƒã€ä»Šã™ãã‚­ãƒ£ãƒƒãƒğŸ‘‰ğŸ¼,ğŸ”¥ SOLO 1 GIORNO: sconto -70% ğŸ”¥,"Prendilo, prendilo ora ğŸ‘‰ğŸ¼",ğŸ”¥ à¤•à¥‡à¤µà¤² 1 à¤¦à¤¿à¤¨: à¤›à¥‚à¤Ÿ -70% ğŸ”¥,"à¤‡à¤¸à¥‡ à¤ªà¤•à¤¡à¤¼à¥‹, à¤‡à¤¸à¥‡ à¤…à¤­à¥€ à¤ªà¤•à¤¡à¤¼à¥‹ ğŸ‘‰ğŸ¼",ğŸ”¥ 1 à¸§à¸±à¸™à¹€à¸—à¹ˆà¸²à¸™à¸±à¹‰à¸™: à¸¥à¸” -70% ğŸ”¥,à¸ˆà¸±à¸šà¹€à¸¥à¸¢ à¸ˆà¸±à¸šà¹€à¸¥à¸¢ğŸ‘‰ğŸ¼,ğŸ”¥ HANYA 1 HARI: diskaun -70% ğŸ”¥,"Tangkap, tangkap sekarang ğŸ‘‰ğŸ¼",ğŸ”¥ ÙŠÙˆÙ… ÙˆØ§Ø­Ø¯ ÙÙ‚Ø·: Ø®ØµÙ… -50Ùª,Ù‚Ø¨Ø¶ Ø¹Ù„ÙŠÙ‡ ØŒ Ù‚Ø¨Ø¶ Ø¹Ù„ÙŠÙ‡ Ø§Ù„Ø¢Ù† ğŸ‘‰ğŸ¼
2,2,70%,Flash Sale 2:3,15h,ğŸ”¥ SALE OFF -70% ğŸ”¥,Open to catch your Flash SaleğŸ‘‰,ğŸ”¥ VENTA DE -70% ğŸ”¥,Abierta para atrapar tu venta FlashğŸ‘‰,ğŸ”¥ VENDA OFF -70% ğŸ”¥,Aberto para participar da PromoÃ§Ã£o FlashğŸ‘‰,ğŸ”¥ Ğ¡ĞšĞ˜Ğ”ĞšĞ -70% ğŸ”¥,"ĞÑ‚ĞºÑ€Ñ‹Ñ‚, Ñ‡Ñ‚Ğ¾Ğ±Ñ‹ Ğ¿Ñ€Ğ¸ÑĞ¾ĞµĞ´Ğ¸Ğ½Ğ¸Ñ‚ÑŒÑÑ Ğº Flash SaleğŸ‘‰",ğŸ”¥ Ğ—ĞĞ˜Ğ–ĞšĞ -70% ğŸ”¥,Ğ’Ñ–Ğ´ĞºÑ€Ğ¸Ğ¹Ñ‚Ğµ Ğ´Ğ»Ñ ÑƒÑ‡Ğ°ÑÑ‚Ñ– Ñƒ Flash SaleğŸ‘‰,ğŸ”¥ AUSVERKAUF -70% ğŸ”¥,Offen fÃ¼r Flash SaleğŸ‘‰,ğŸ”¥ VENTE OFFERTE -70% ğŸ”¥,Ouvert pour rejoindre la Vente FlashğŸ‘‰,ğŸ”¥ DISKON PENJUALAN -70% ğŸ”¥,Terbuka untuk bergabung dengan Flash SaleğŸ‘‰,ğŸ”¥ ì„¸ì¼ -70% ğŸ”¥,í”Œë˜ì‹œì„¸ì¼ ì°¸ì—¬í•˜ê¸°ğŸ‘‰,ğŸ”¥ GIáº¢M GIÃ -70% ğŸ”¥,Nháº¥n Ä‘á»ƒ tham gia Flash SaleğŸ‘‰,ğŸ”¥ã‚»ãƒ¼ãƒ«ã‚ªãƒ•-50ï¼…ğŸ”¥,ãƒ•ãƒ©ãƒƒã‚·ãƒ¥ã‚»ãƒ¼ãƒ«ã«å‚åŠ ã™ã‚‹ãŸã‚ã«é–‹ã„ã¦ãã ã•ã„ğŸ‘‰,ğŸ”¥ SCONTO -70% ğŸ”¥,Apri per partecipare alla vendita flashğŸ‘‰,ğŸ”¥ à¤¬à¤¿à¤•à¥à¤°à¥€ à¤¬à¤‚à¤¦ -70% ğŸ”¥,à¤«à¥à¤²à¥ˆà¤¶ à¤¸à¥‡à¤² à¤®à¥‡à¤‚ à¤¶à¤¾à¤®à¤¿à¤² à¤¹à¥‹à¤¨à¥‡ à¤•à¥‡ à¤²à¤¿à¤ à¤¤à¥ˆà¤¯à¤¾à¤° ğŸ‘‰,ğŸ”¥ à¸¥à¸”à¸£à¸²à¸„à¸² -70% ğŸ”¥,à¹€à¸›à¸´à¸”à¹ƒà¸«à¹‰à¹€à¸‚à¹‰à¸²à¸£à¹ˆà¸§à¸¡ Flash SaleğŸ‘‰,ğŸ”¥ JUALAN DISKAUN -70% ğŸ”¥,Terbuka untuk menyertai Jualan KilatğŸ‘‰,ğŸ”¥ ØªØ®ÙÙŠØ¶Ø§Øª Ø§Ù„Ø¨ÙŠØ¹ -50Ùª ğŸ”¥,Ø§ÙØªØ­ Ù„Ù„Ø§Ù†Ø¶Ù…Ø§Ù… Ø¥Ù„Ù‰ Flash SaleğŸ‘‰
2,2,70%,Flash Sale 2:4,20h,OOPS! Flash Sale 2:2 Ending Soon ğŸ˜±ğŸ˜±,Hurry Up! Don't miss it ğŸ‘‰ğŸ¼,"Â¡Oh, no! Venta flash 2: 2 que finalizarÃ¡ pronto ğŸ˜±ğŸ˜±",Â¡Darse prisa! No te lo pierdas ğŸ‘‰ğŸ¼,Oh nÃ£o! Venda instantÃ¢nea 2: 2 acabando em breve ğŸ˜±ğŸ˜±,Se apresse! NÃ£o perca ğŸ‘‰ğŸ¼,"Ğ, Ğ½ĞµÑ‚! Ğ¤Ğ»ÑÑˆ-Ñ€Ğ°ÑĞ¿Ñ€Ğ¾Ğ´Ğ°Ğ¶Ğ° 2: 2 ÑĞºĞ¾Ñ€Ğ¾ Ğ·Ğ°ĞºĞ¾Ğ½Ñ‡Ğ°Ñ‚ÑÑ ğŸ˜±ğŸ˜±",Ğ¢Ğ¾Ñ€Ğ¾Ğ¿Ğ¸Ñ‚ÑŒÑÑ! ĞĞµ Ğ¿Ñ€Ğ¾Ğ¿ÑƒÑÑ‚Ğ¸Ñ‚Ğµ ğŸ‘‰ğŸ¼,Ğ Ğ½Ñ–! Flash Sale 2:2 ĞĞµĞ·Ğ°Ğ±Ğ°Ñ€Ğ¾Ğ¼ Ğ·Ğ°ĞºÑ–Ğ½Ñ‡Ğ¸Ñ‚ÑŒÑÑ ğŸ˜±ğŸ˜±,ĞŸĞ¾ÑĞ¿Ñ–ÑˆĞ°Ğ¹! ĞĞµ Ğ¿Ñ€Ğ¾Ğ¿ÑƒÑÑ‚Ñ–Ñ‚ÑŒ ğŸ‘‰ğŸ¼,Ach nein! Flash Sale 2:2 endet bald ğŸ˜±ğŸ˜±,Beeil dich! Nicht verpassen ğŸ‘‰ğŸ¼,Oh non! Vente Flash 2:2 se terminant bientÃ´t ğŸ˜±ğŸ˜±,DÃ©pÃªchez-vous! Ne le manquez pas ğŸ‘‰ğŸ¼,Oh tidak! Flash Sale 2:2 Segera Berakhir ğŸ˜±ğŸ˜±,Percepat! Jangan sampai ketinggalan ğŸ‘‰ğŸ¼,ì•ˆ ë¼! 2:2 í”Œë˜ì‹œ ì„¸ì¼ì´ ê³§ ì¢…ë£Œë©ë‹ˆë‹¤ ğŸ˜±ğŸ˜±,ì„œë‘˜ëŸ¬ ìš”! ë†“ì¹˜ì§€ ë§ˆì„¸ìš” ğŸ‘‰ğŸ¼,Æ  KÃŒA! Flash Sale 2:2 Sáº¯p Káº¿t ThÃºc ğŸ˜±ğŸ˜±,Nhanh lÃªn! Äá»«ng bá» lá»¡ nhÃ© ğŸ‘‰ğŸ¼,å¤§é‡ï¼ ãƒ•ãƒ©ãƒƒã‚·ãƒ¥ã‚»ãƒ¼ãƒ«2ï¼š2é–“ã‚‚ãªãçµ‚äº†ğŸ˜±ğŸ˜±,æ€¥ã’ï¼ ãŠè¦‹é€ƒã—ãªãğŸ‘‰ğŸ¼,Oh no! Vendita flash 2:2 che sta per finire ğŸ˜±ğŸ˜±,Affrettarsi! Non mancare ğŸ‘‰ğŸ¼,à¤¨à¤¹à¥€à¤‚ à¤“! à¤«à¥à¤²à¥ˆà¤¶ à¤¸à¥‡à¤² 2:2 à¤œà¤²à¥à¤¦ à¤–à¤¤à¥à¤® à¤¹à¥‹ à¤°à¤¹à¥€ à¤¹à¥ˆ ğŸ˜±ğŸ˜±,à¤œà¤²à¥à¤¦à¥€ à¤¸à¥‡! à¤‡à¤¸à¥‡ à¤¯à¤¾à¤¦ à¤®à¤¤ à¤•à¤°à¥‹ ğŸ‘‰ğŸ¼,à¹„à¸¡à¹ˆà¸™à¸°! Flash Sale 2:2 à¹ƒà¸à¸¥à¹‰à¸ˆà¸°à¸ªà¸´à¹‰à¸™à¸ªà¸¸à¸”à¹à¸¥à¹‰à¸§ ğŸ˜±ğŸ˜±,à¸£à¸µà¸šà¸‚à¸¶à¹‰à¸™! à¸«à¹‰à¸²à¸¡à¸à¸¥à¸²à¸” ğŸ‘‰ğŸ¼,Oh tidak! Jualan Kilat 2:2 Akan Berakhir Tidak Lama Lagi ğŸ˜±ğŸ˜±,Cepat! Jangan ketinggalan ğŸ‘‰ğŸ¼,Ø£ÙˆÙ‡ Ù„Ø§! ØªÙ†Ø²ÙŠÙ„Ø§Øª ÙÙ„Ø§Ø´ 2:2 ØªÙ†ØªÙ‡ÙŠ Ù‚Ø±ÙŠØ¨Ù‹Ø§ ğŸ˜±ğŸ˜±,Ø¹Ø¬Ù„ÙˆØ§! Ù„Ø§ ØªÙÙˆØªÙ‡Ø§ ğŸ‘‰ğŸ¼
2,13-14,70%,Happy Valentine's Day!,9h,ğŸ’–[HOT] Valentine's Day SALE -70% ğŸ’–,ONLY 100 Coupons for The Fastest ğŸ·ï¸,ğŸ’–[HOT] Valentine's Day SALE -70% ğŸ’–,SOLO quedan 100 cupones para la persona MÃS RÃPIDA ğŸ·ï¸,ğŸ’– [HOT] VENDA DO Dia dos Namorados -70% ğŸ’–,APENAS 100 cupons para a pessoa mais rÃ¡pida ï¸ğŸ·ï¸,ğŸ’– [HOT] Ğ¡ĞšĞ˜Ğ”ĞšĞ˜ Ğ½Ğ° Ğ”ĞµĞ½ÑŒ ÑĞ²ÑÑ‚Ğ¾Ğ³Ğ¾ Ğ’Ğ°Ğ»ĞµĞ½Ñ‚Ğ¸Ğ½Ğ° -70% ğŸ’–,Ğ¢ĞĞ›Ğ¬ĞšĞ 100 ĞºÑƒĞ¿Ğ¾Ğ½Ğ¾Ğ² Ğ´Ğ»Ñ ÑĞ°Ğ¼Ğ¾Ğ³Ğ¾ Ğ±Ñ‹ÑÑ‚Ñ€Ğ¾Ğ³Ğ¾ ï¸ğŸ·ï¸,ğŸ’–[Ğ“ĞĞ Ğ¯Ğ§Ğ•] Ğ ĞĞ—ĞŸĞ ĞĞ”ĞĞ– Ğ´Ğ¾ Ğ”Ğ½Ñ Ğ¡Ğ²ÑÑ‚Ğ¾Ğ³Ğ¾ Ğ’Ğ°Ğ»ĞµĞ½Ñ‚Ğ¸Ğ½Ğ° -70% ğŸ’–,Ğ¢Ğ†Ğ›Ğ¬ĞšĞ˜ 100 ĞºÑƒĞ¿Ğ¾Ğ½Ñ–Ğ² Ğ´Ğ»Ñ Ğ½Ğ°Ğ¹ÑˆĞ²Ğ¸Ğ´ÑˆĞ¾Ñ— Ğ»ÑĞ´Ğ¸Ğ½Ğ¸ ï¸ğŸ·ï¸,ğŸ’–[HOT] Valentinstag SALE -70% ğŸ’–,NUR 100 Gutscheine fÃ¼r die schnellste Person ï¸ğŸ·ï¸,ğŸ’–[HOT] SOLDE Saint Valentin -70% ğŸ’–,SEULEMENT 100 coupons pour la personne la plus rapide ï¸ğŸ·ï¸,ğŸ’– [HOT] PROMO Hari Valentine -70% ğŸ’–,HANYA 100 Kupon untuk Orang Tercepat ï¸ğŸ·ï¸,ğŸ’–[HOT] ë°œë Œíƒ€ì¸ë°ì´ ì„¸ì¼ -70% ğŸ’–,ê°€ì¥ ë¹ ë¥¸ ì‚¬ëŒì„ ìœ„í•œ ë‹¨ 100ê°œì˜ ì¿ í° ï¸ğŸ·ï¸,ğŸ’– [HOT] GIáº¢M GIÃ 70% NgÃ y ValentineğŸ’–,CHá»ˆ 100 Phiáº¿u Giáº£m GiÃ¡ cho NgÆ°á»i Nhanh Nháº¥t ğŸ·ï¸ğŸ·ï¸,ğŸ’–[HOT]ãƒãƒ¬ãƒ³ã‚¿ã‚¤ãƒ³ãƒ‡ãƒ¼ã‚»ãƒ¼ãƒ«-30ï¼…ğŸ’–,æœ€é€Ÿã®äººã®ãŸã‚ã®ãŸã£ãŸ100æšã®ã‚¯ãƒ¼ãƒãƒ³ï¸ğŸ·ï¸ğŸ·ï¸,ğŸ’–[HOT] SCONTI di San Valentino -70% ğŸ’–,SOLO 100 coupon per la persona piÃ¹ veloce ï¸ğŸ·ï¸,ğŸ’– [à¤¹à¥‰à¤Ÿ] à¤µà¥ˆà¤²à¥‡à¤‚à¤Ÿà¤¾à¤‡à¤¨ à¤¡à¥‡ à¤¸à¥‡à¤² -70% ğŸ’–,à¤¸à¤¬à¤¸à¥‡ à¤¤à¥‡à¤œà¤¼ à¤µà¥à¤¯à¤•à¥à¤¤à¤¿ à¤•à¥‡ à¤²à¤¿à¤ à¤•à¥‡à¤µà¤² 100 à¤•à¥‚à¤ªà¤¨ ï¸ğŸ·ï¸,ğŸ’– [HOT] à¸¥à¸”à¸£à¸²à¸„à¸²à¸§à¸±à¸™à¸§à¸²à¹€à¸¥à¸™à¹„à¸—à¸™à¹Œ -70% ğŸ’–,100 à¸„à¸¹à¸›à¸­à¸‡à¹€à¸—à¹ˆà¸²à¸™à¸±à¹‰à¸™ à¸ªà¸³à¸«à¸£à¸±à¸šà¸„à¸™à¸—à¸µà¹ˆà¹€à¸£à¹‡à¸§à¸—à¸µà¹ˆà¸ªà¸¸à¸” ï¸ğŸ·ï¸ğŸ·ï¸,ğŸ’– [PANAS] JUALAN Hari Valentine -70% ğŸ’–,HANYA 100 Kupon untuk Orang Terpantas ï¸ğŸ·ï¸ğŸ·ï¸,ğŸ’– ØªØ®ÙÙŠØ¶Ø§Øª Ø¹ÙŠØ¯ Ø§Ù„Ø­Ø¨ [HOT] -30Ùª ğŸ’–,100 ÙƒÙˆØ¨ÙˆÙ† ÙÙ‚Ø· Ù„Ø£Ø³Ø±Ø¹ Ø´Ø®Øµ ï¸ğŸ·ï¸ğŸ·ï¸
2,13-15,70%,Happy Valentine's Day!,15h,ONLY 50 Coupon Left ğŸ·ï¸ğŸ·ï¸ğŸ·ï¸,Don't miss the chance ğŸ‘‰,Solo 50 Cupones Restantes ğŸ·ï¸ğŸ·ï¸,No pierdas la oportunidad ğŸ‘‰,SOMENTE 50 cupom restantes ğŸ·ï¸ğŸ·ï¸ğŸ·ï¸,NÃ£o perca a chance ğŸ‘‰,ĞÑÑ‚Ğ°Ğ»Ğ¾ÑÑŒ Ğ¢ĞĞ›Ğ¬ĞšĞ 50 ĞºÑƒĞ¿Ğ¾Ğ½Ğ¾Ğ² ğŸ·ï¸ğŸ·ï¸ğŸ·ï¸,ĞĞµ ÑƒĞ¿ÑƒÑÑ‚Ğ¸Ñ‚Ğµ ÑˆĞ°Ğ½Ñ ğŸ‘‰,Ğ—Ğ°Ğ»Ğ¸ÑˆĞ¸Ğ»Ğ¾ÑÑ Ğ›Ğ˜Ğ¨Ğ• 50 ĞºÑƒĞ¿Ğ¾Ğ½Ñ–Ğ² ğŸ·ï¸ğŸ·ï¸ğŸ·ï¸,ĞĞµ Ğ¿Ñ€Ğ¾Ğ³Ğ°Ğ²Ñ‚Ğµ ÑˆĞ°Ğ½Ñ ğŸ‘‰,NUR 50 Gutschein Ã¼brig ï¸ğŸ·ï¸ğŸ·ï¸,Verpasse nicht die Chance ğŸ‘‰,SEULEMENT 50 coupons restants ğŸ·ï¸ğŸ·ï¸ğŸ·ï¸,Ne manquez pas l'occasion ğŸ‘‰,HANYA 50 Kupon Tersisa ï¸ğŸ·ï¸ğŸ·ï¸,Jangan lewatkan kesempatan ğŸ‘‰,ì¿ í° 50ê°œ ë‚¨ì•˜ìŠµë‹ˆë‹¤ ğŸ·ï¸ğŸ·ï¸ğŸ·ï¸,ê¸°íšŒë¥¼ ë†“ì¹˜ì§€ ë§ˆì„¸ìš” ğŸ‘‰,CHá»ˆ CÃ’N 50 Phiáº¿u Giáº£m GiÃ¡ ğŸ·ï¸ğŸ·ï¸ğŸ·ï¸,Äá»«ng bá» lá»¡ cÆ¡ há»™i ğŸ‘‰,æ®‹ã‚Šã‚ãšã‹50ã‚¯ãƒ¼ãƒãƒ³ğŸ·ï¸ğŸ·ï¸ğŸ·ï¸,ãƒãƒ£ãƒ³ã‚¹ã‚’ãŠè¦‹é€ƒã—ãªãğŸ‘‰,SOLO 50 Coupon rimasti ğŸ·ï¸ğŸ·ï¸ğŸ·ï¸,Non perdere l'occasione ğŸ‘‰,à¤•à¥‡à¤µà¤² 50 à¤•à¥‚à¤ªà¤¨ à¤¬à¤šà¥‡ à¤¹à¥ˆà¤‚ ï¸ğŸ·ï¸ğŸ·ï¸,à¤®à¥Œà¤•à¤¾ à¤¨ à¤šà¥‚à¤•à¥‡à¤‚ ğŸ‘‰,à¹€à¸«à¸¥à¸·à¸­à¹€à¸à¸µà¸¢à¸‡ 50 à¸„à¸¹à¸›à¸­à¸‡ ğŸ·ï¸ğŸ·ï¸ğŸ·ï¸,à¸­à¸¢à¹ˆà¸²à¸à¸¥à¸²à¸”à¹‚à¸­à¸à¸²à¸ª ğŸ‘‰,Tinggal 50 Kupon SAHAJA ğŸ·ï¸ğŸ·ï¸ğŸ·ï¸,Jangan lepaskan peluang ğŸ‘‰,Ø¨Ù‚ÙŠ 50 ÙƒÙˆØ¨ÙˆÙ† ÙÙ‚Ø· ğŸ·ï¸ğŸ·ï¸ğŸ·ï¸,Ù„Ø§ ØªÙÙˆØª Ø§Ù„ÙØ±ØµØ© ğŸ‘‰
2,13-16,70%,Happy Valentine's Day!,20h,HURRY! Super Sale is waiting ğŸ’œğŸ’œ,Happy Valentine's Day! SALE OFF -70% ğŸ‘‰,Â¡APURARSE! Super venta estÃ¡ esperando ğŸ’œğŸ’œ,Â¡Feliz dÃ­a de San ValentÃ­n! VENTA DE DESCUENTO -70% ğŸ‘‰,PRESSA! Super Sale estÃ¡ esperando ğŸ’œğŸ’œ,Feliz Dia dos namorados! VENDA OFF -70% ğŸ‘‰,Ğ¢ĞĞ ĞĞŸĞ˜Ğ¢Ğ¬Ğ¡Ğ¯! Ğ¡ÑƒĞ¿ĞµÑ€ Ñ€Ğ°ÑĞ¿Ñ€Ğ¾Ğ´Ğ°Ğ¶Ğ° Ğ¶Ğ´ĞµÑ‚ ğŸ’œğŸ’œ,Ğ¡Ñ‡Ğ°ÑÑ‚Ğ»Ğ¸Ğ²Ğ¾Ğ³Ğ¾ Ğ´Ğ½Ñ Ğ¡Ğ²ÑÑ‚Ğ¾Ğ³Ğ¾ Ğ’Ğ°Ğ»ĞµĞ½Ñ‚Ğ¸Ğ½Ğ°! Ğ¡ĞšĞ˜Ğ”ĞšĞ -70% ğŸ‘‰,ĞŸĞĞ¡ĞŸĞ†Ğ¨ĞĞ™Ğ¢Ğ•Ğ¡Ğ¬! Ğ¡ÑƒĞ¿ĞµÑ€ Ñ€Ğ¾Ğ·Ğ¿Ñ€Ğ¾Ğ´Ğ°Ğ¶ Ñ‡ĞµĞºĞ°Ñ”ğŸ’œğŸ’œ,Ğ— Ğ”Ğ½ĞµĞ¼ Ğ¡Ğ²ÑÑ‚Ğ¾Ğ³Ğ¾ Ğ’Ğ°Ğ»ĞµĞ½Ñ‚Ğ¸Ğ½Ğ°! Ğ—ĞĞ˜Ğ–ĞšĞ -70% ğŸ‘‰,EILE! Super Sale wartet ğŸ’œğŸ’œ,FrÃ¶hlichen Valentinstag! AUSVERKAUF -70% ğŸ‘‰,SE PRESSER! La Super Vente vous attend ğŸ’œğŸ’œ,Joyeuse saint Valentin! VENTE OFFERTE -70% ğŸ‘‰,BURU-BURU! Super Sale sedang menunggu ğŸ’œğŸ’œ,Selamat Hari Valentine! DISKON PENJUALAN -70% ğŸ‘‰,ì„œë‘ë¥´ë‹¤! ìŠˆí¼ì„¸ì¼ì´ ê¸°ë‹¤ë¦¬ê³  ìˆìŠµë‹ˆë‹¤ ğŸ’œğŸ’œ,í–‰ë³µí•œ ë°œë Œíƒ€ì¸ ë°ì´! ì„¸ì¼ -70% ğŸ‘‰,NHANH LÃŠN! SiÃªu Giáº£m GiÃ¡ Ä‘ang Ä‘á»£i ğŸ’œğŸ’œ,Má»«ng Lá»… TÃ¬nh NhÃ¢n â¤ ï¸! GIáº¢M GIÃ -70% ğŸ‘‰,å¿™ã—ã„ï¼ ã‚¹ãƒ¼ãƒ‘ãƒ¼ã‚»ãƒ¼ãƒ«ãŒå¾…ã£ã¦ã„ã¾ã™ğŸ’œğŸ’œ,ãƒãƒƒãƒ”ãƒ¼ãƒãƒ¬ãƒ³ã‚¿ã‚¤ãƒ³ãƒ‡ãƒ¼ï¼ ã‚»ãƒ¼ãƒ«ã‚ªãƒ•-30ï¼…ğŸ‘‰,FRETTA! La Super Saldi sta aspettando ğŸ’œğŸ’œ,Buon San Valentino! SALDI -70% ğŸ‘‰,à¤œà¤²à¥à¤¦à¥€ à¤•à¥€à¤œà¤¿à¤¯à¥‡! à¤¸à¥à¤ªà¤° à¤¸à¥‡à¤² à¤‡à¤‚à¤¤à¤œà¤¼à¤¾à¤° à¤•à¤° à¤°à¤¹à¥€ à¤¹à¥ˆ ğŸ’œğŸ’œ,à¤µà¥ˆà¤²à¥‡à¤‚à¤Ÿà¤¾à¤‡à¤¨à¥à¤¸ à¤¦à¤¿à¤µà¤¸ à¤®à¥à¤¬à¤¾à¤°à¤• à¤¹à¥‹! à¤¬à¤¿à¤•à¥à¤°à¥€ à¤¬à¤‚à¤¦ -70% ğŸ‘‰,à¸£à¸µà¸š! à¸‹à¸¸à¸›à¹€à¸›à¸­à¸£à¹Œà¹€à¸‹à¸¥à¸£à¸­à¸­à¸¢à¸¹à¹ˆ ğŸ’œğŸ’œ,à¸ªà¸¸à¸‚à¸ªà¸±à¸™à¸•à¹Œà¸§à¸±à¸™à¸§à¸²à¹€à¸¥à¸™à¹„à¸—à¸™à¹Œ! à¸¥à¸”à¸£à¸²à¸„à¸² -70% ğŸ‘‰,CEPAT! Jualan Super sedang menanti ğŸ’œğŸ’œ,Selamat Hari kekasih! JUALAN DISKAUN -70% ğŸ‘‰,Ø¹Ø¬Ù„! Super Sale ÙŠÙ†ØªØ¸Ø± ğŸ’œğŸ’œ,Ø¹ÙŠØ¯ Ø­Ø¨ Ø³Ø¹ÙŠØ¯! Ø¨ÙŠØ¹ Ù‚Ø¨Ø§Ù„Ø© -30Ùª ğŸ‘‰
3,6&8,70%,Happy Women's Day!,9h,ğŸ’[SHOCK] Women's Day SALE -70% ğŸ’,ONLY chance to discount -70% ğŸ”¥,ğŸ’ [SHOCK] OFERTA Del DÃ­a De La Mujer -70% ğŸ’,ÃšNICA posibilidad de descuento -70% ğŸ”¥,ğŸ’ [CHOQUE] VENDA Dia da Mulher -70% ğŸ’,SÃ“ chance de desconto -70% ğŸ”¥,ğŸ’ [SHOCK] Ğ¡ĞšĞ˜Ğ”ĞšĞ˜ Ğ½Ğ° Ğ¶ĞµĞ½ÑĞºĞ¸Ğ¹ Ğ´ĞµĞ½ÑŒ -70% ğŸ’,Ğ¢ĞĞ›Ğ¬ĞšĞ ÑˆĞ°Ğ½Ñ Ğ½Ğ° ÑĞºĞ¸Ğ´ĞºÑƒ -70% ğŸ”¥,ğŸ’[Ğ¨ĞĞš] Ğ ĞĞ—ĞŸĞ ĞĞ”ĞĞ– Ğ´Ğ¾ Ğ¶Ñ–Ğ½Ğ¾Ñ‡Ğ¾Ğ³Ğ¾ Ğ´Ğ½Ñ -70% ğŸ’,Ğ¢Ğ†Ğ›Ğ¬ĞšĞ˜ ÑˆĞ°Ğ½Ñ Ğ½Ğ° Ğ·Ğ½Ğ¸Ğ¶ĞºÑƒ -70% ğŸ”¥,ğŸ’[SHOCK] Frauentag SALE -70% ğŸ’,NUR Chance auf Rabatt -70% ğŸ”¥,ğŸ’[SHOCK] SOLDE JournÃ©e de la Femme -70% ğŸ’,SEULE chance de remise -70% ğŸ”¥,ğŸ’ [SHOCK] Obral Hari Wanita -70% ğŸ’,HANYA kesempatan untuk diskon -70% ğŸ”¥,ğŸ’[SHOCK] ì—¬ì„±ì˜ ë‚  SALE -70% ğŸ’,-70% í• ì¸í•  ìˆ˜ ìˆëŠ” ìœ ì¼í•œ ê¸°íšŒ ğŸ”¥,ğŸ’ [Sá»C] SALE NgÃ y Quá»‘c Táº¿ Phá»¥ Ná»¯ -70% ğŸ’,CÆ¡ há»™i DUY NHáº¤T Ä‘á»ƒ Ä‘Æ°á»£c giáº£m -70% ğŸ”¥,ğŸ’[SHOCK]å¥³æ€§ã®æ—¥ã‚»ãƒ¼ãƒ«-30ï¼…ğŸ’,-30ï¼…å‰²å¼•ã®ãƒãƒ£ãƒ³ã‚¹ã®ã¿ğŸ”¥,ğŸ’[SHOCK] SALDI per la festa della donna -70% ğŸ’,SOLO possibilitÃ  di sconto -70% ğŸ”¥,ğŸ’[à¤à¤Ÿà¤•à¤¾] à¤®à¤¹à¤¿à¤²à¤¾ à¤¦à¤¿à¤µà¤¸ à¤¬à¤¿à¤•à¥à¤°à¥€ -70% ğŸ’,à¤›à¥‚à¤Ÿ à¤•à¤¾ à¤•à¥‡à¤µà¤² à¤®à¥Œà¤•à¤¾ -70% ğŸ”¥,ğŸ’[à¸Šà¹‡à¸­à¸„] à¸¥à¸”à¸£à¸²à¸„à¸²à¸§à¸±à¸™à¸ªà¸•à¸£à¸µ -70% ğŸ’,à¹‚à¸­à¸à¸²à¸ªà¹€à¸”à¸µà¸¢à¸§à¸¥à¸” -70% ğŸ”¥,ğŸ’[GEMPAR] JUALAN Hari Wanita -70% ğŸ’,HANYA peluang diskaun -70% ğŸ”¥,ğŸ’ [ØµØ¯Ù…Ø©] ØªØ®ÙÙŠØ¶Ø§Øª ÙŠÙˆÙ… Ø§Ù„Ù…Ø±Ø£Ø© -30Ùª ğŸ’,ÙØ±ØµØ© ÙÙ‚Ø· Ù„Ù„Ø®ØµÙ… -30Ùª ğŸ”¥
3,6&9,70%,Happy Women's Day!,15h,ğŸ‰[HOT] Women's Day SALE -70% ğŸ‰,Hurry Up! Only 50 coupons left ğŸ‘‰,ğŸ‰ [HOT] OFERTA del DÃ­a de la Mujer -70% ğŸ‰,Â¡Darse prisa! Solo quedan 50 cupones ğŸ‘‰,ğŸ‰ [QUENTE] VENDA Dia da Mulher -70% ğŸ‰,Se apresse! Restam apenas 50 cupons ğŸ‘‰,ğŸ‰ [HOT] Ğ¡ĞšĞ˜Ğ”ĞšĞ˜ Ğ½Ğ° Ğ¶ĞµĞ½ÑĞºĞ¸Ğ¹ Ğ´ĞµĞ½ÑŒ -70% ğŸ‰,Ğ¢Ğ¾Ñ€Ğ¾Ğ¿Ğ¸Ñ‚ÑŒÑÑ! ĞÑÑ‚Ğ°Ğ»Ğ¾ÑÑŒ Ğ²ÑĞµĞ³Ğ¾ 50 ĞºÑƒĞ¿Ğ¾Ğ½Ğ¾Ğ² ğŸ‘‰,ğŸ‰[Ğ“ĞĞ Ğ¯Ğ§Ğ˜Ğ™] Ğ ĞĞ—ĞŸĞ ĞĞ”ĞĞ– Ğ´Ğ¾ Ğ¶Ñ–Ğ½Ğ¾Ñ‡Ğ¾Ğ³Ğ¾ Ğ´Ğ½Ñ -70% ğŸ‰,ĞŸĞ¾ÑĞ¿Ñ–ÑˆĞ°Ğ¹! Ğ—Ğ°Ğ»Ğ¸ÑˆĞ¸Ğ»Ğ¾ÑÑ Ğ²ÑÑŒĞ¾Ğ³Ğ¾ 50 ĞºÑƒĞ¿Ğ¾Ğ½Ñ–Ğ² ğŸ‘‰,ğŸ‰[HOT] Frauentag SALE -70% ğŸ‰,Beeil dich! Nur noch 50 Coupons Ã¼brig ğŸ‘‰,ğŸ‰[HOT] VENTE JournÃ©e de la Femme -70% ğŸ‰,DÃ©pÃªchez-vous! Plus que 50 coupons ğŸ‘‰,ğŸ‰ [HOT] PROMO Hari Wanita -70% ğŸ‰,Percepat! Hanya tersisa 50 kupon ğŸ‘‰,ğŸ‰[HOT] ì—¬ì„±ì˜ ë‚  SALE -70% ğŸ‰,ì„œë‘˜ëŸ¬ ìš”! ì¿ í° 50ì¥ ë‚¨ì•˜ìŠµë‹ˆë‹¤ ğŸ‘‰,ğŸ‰ [HOT] GIáº¢M GIÃ -70% cho NgÃ y 8/3 ğŸ‰,Nhanh lÃªn! Chá»‰ cÃ²n 50 suáº¥t ğŸ‘‰,ğŸ‰[HOT]å¥³æ€§ã®æ—¥ã‚»ãƒ¼ãƒ«-30ï¼…ğŸ‰,æ€¥ã’ï¼ æ®‹ã‚Šã‚ãšã‹50ã‚¯ãƒ¼ãƒãƒ³ğŸ‘‰,ğŸ‰[HOT] SCONTI per la festa della donna -70% ğŸ‰,Affrettarsi! Rimangono solo 50 coupon ğŸ‘‰,ğŸ‰[HOT] à¤®à¤¹à¤¿à¤²à¤¾ à¤¦à¤¿à¤µà¤¸ à¤¬à¤¿à¤•à¥à¤°à¥€ -70% ğŸ‰,à¤œà¤²à¥à¤¦à¥€ à¤¸à¥‡! à¤•à¥‡à¤µà¤² 50 à¤•à¥‚à¤ªà¤¨ à¤¬à¤šà¥‡ à¤¹à¥ˆà¤‚ ğŸ‘‰,ğŸ‰[HOT] à¸¥à¸”à¸£à¸²à¸„à¸²à¸§à¸±à¸™à¸ªà¸•à¸£à¸µ -70% ğŸ‰,à¸£à¸µà¸šà¸‚à¸¶à¹‰à¸™! à¹€à¸«à¸¥à¸·à¸­à¹€à¸à¸µà¸¢à¸‡ 50 à¸„à¸¹à¸›à¸­à¸‡à¹€à¸—à¹ˆà¸²à¸™à¸±à¹‰à¸™ ğŸ‘‰,ğŸ‰[HOT] JUALAN Hari Wanita -70% ğŸ‰,Cepat! Hanya tinggal 50 kupon sahaja ğŸ‘‰,ğŸ‰ ØªØ®ÙÙŠØ¶Ø§Øª ÙŠÙˆÙ… Ø§Ù„Ù…Ø±Ø£Ø© [HOT] -30Ùª ğŸ‰,Ø¹Ø¬Ù„ÙˆØ§! Ø¨Ù‚ÙŠ 50 ÙƒÙˆØ¨ÙˆÙ† ÙÙ‚Ø· ğŸ‘‰
3,6&10,70%,Happy Women's Day!,20h,ğŸ¥‚GIFT For All Ladies ğŸ¥‚,Check out your gift voucher -70% ğŸ‘‰,ğŸ¥‚ REGALO para todas las damas ğŸ¥‚,Consulta tu bono regalo -70% ğŸ‘‰,ğŸ¥‚GIFT para todas as senhoras ğŸ¥‚,Confira seu vale-presente -70% ğŸ‘‰,ğŸ¥‚ ĞŸĞĞ”ĞĞ ĞĞš Ğ²ÑĞµĞ¼ Ğ´Ğ°Ğ¼Ğ°Ğ¼,ĞŸÑ€Ğ¾Ğ²ĞµÑ€ÑŒÑ‚Ğµ ÑĞ²Ğ¾Ğ¹ Ğ¿Ğ¾Ğ´Ğ°Ñ€Ğ¾Ñ‡Ğ½Ñ‹Ğ¹ ÑĞµÑ€Ñ‚Ğ¸Ñ„Ğ¸ĞºĞ°Ñ‚ -70% ğŸ‘‰,ğŸ¥‚ĞŸĞĞ”ĞĞ Ğ£ĞĞĞš Ğ´Ğ»Ñ Ğ²ÑÑ–Ñ… Ğ¶Ñ–Ğ½Ğ¾Ğº ğŸ¥‚,ĞŸĞµÑ€ĞµĞ²Ñ–Ñ€Ñ‚Ğµ ÑĞ²Ñ–Ğ¹ Ğ¿Ğ¾Ğ´Ğ°Ñ€ÑƒĞ½ĞºĞ¾Ğ²Ğ¸Ğ¹ Ğ²Ğ°ÑƒÑ‡ĞµÑ€ -70% ğŸ‘‰,ğŸ¥‚GESCHENK fÃ¼r alle Damen ğŸ¥‚,Schau dir deinen Geschenkgutschein an -70% ğŸ‘‰,CADEAU pour toutes les damesğŸ¥‚,DÃ©couvrez votre bon cadeau -70% ğŸ‘‰,ğŸ¥‚ HADIAH Untuk Semua Wanita ğŸ¥‚,Lihat voucher hadiah Anda -70% ğŸ‘‰,ğŸ¥‚ëª¨ë“  ì—¬ì„±ì„ ìœ„í•œ ì„ ë¬¼ ğŸ¥‚,ìƒí’ˆê¶Œ í™•ì¸ -70% ğŸ‘‰,ğŸ¥‚QUÃ€ Táº¶NG cho phÃ¡i Ä‘áº¹p ğŸ¥‚,Kiá»ƒm tra phiáº¿u quÃ  táº·ng cá»§a báº¡n -70% ğŸ‘‰,ğŸ¥‚ã™ã¹ã¦ã®å¥³æ€§ã¸ã®ã‚®ãƒ•ãƒˆğŸ¥‚,ã‚®ãƒ•ãƒˆåˆ¸ã‚’ãƒã‚§ãƒƒã‚¯ã—ã¦ãã ã•ã„-30ï¼…ğŸ‘‰,ğŸ¥‚REGALO per tutte le donne ğŸ¥‚,Scopri il tuo buono regalo -70% ğŸ‘‰,ğŸ¥‚ à¤¸à¤­à¥€ à¤®à¤¹à¤¿à¤²à¤¾à¤“à¤‚ à¤•à¥‡ à¤²à¤¿à¤ à¤‰à¤ªà¤¹à¤¾à¤° ğŸ¥‚,à¤…à¤ªà¤¨à¤¾ à¤‰à¤ªà¤¹à¤¾à¤° à¤µà¤¾à¤‰à¤šà¤° à¤¦à¥‡à¤–à¥‡à¤‚ -70% ğŸ‘‰,ğŸ¥‚à¸‚à¸­à¸‡à¸‚à¸§à¸±à¸à¸ªà¸³à¸«à¸£à¸±à¸šà¸œà¸¹à¹‰à¸«à¸à¸´à¸‡à¸—à¸¸à¸à¸„à¸™ğŸ¥‚,à¸•à¸£à¸§à¸ˆà¸ªà¸­à¸šà¸šà¸±à¸•à¸£à¸à¸³à¸™à¸±à¸¥à¸‚à¸­à¸‡à¸„à¸¸à¸“ -70% ğŸ‘‰,ğŸ¥‚HADIAH Untuk Semua Wanita ğŸ¥‚,Semak baucar hadiah anda -70% ğŸ‘‰,ğŸ¥‚Ù‡Ø¯ÙŠØ© Ù„Ø¬Ù…ÙŠØ¹ Ø§Ù„Ø³ÙŠØ¯Ø§Øª ğŸ¥‚,ØªØ­Ù‚Ù‚ Ù…Ù† Ù‚Ø³ÙŠÙ…Ø© Ø§Ù„Ù‡Ø¯ÙŠØ© Ø§Ù„Ø®Ø§ØµØ© Ø¨Ùƒ -30Ùª ğŸ‘‰
3,7,70%,Happy Women's Day!,9h,ğŸ’ Women Are Born To Love ğŸ’,DISCOUNT -70% For All Women ğŸ‘‰,ğŸ’ Las mujeres nacen para ser amadas ğŸ’,DESCUENTO -70% para todas las mujeres ğŸ‘‰,ğŸ’ As mulheres nascem para serem amadas ğŸ’,DESCONTO -70% para todas as mulheres ğŸ‘‰,"ğŸ’ Ğ–ĞµĞ½Ñ‰Ğ¸Ğ½Ñ‹ Ñ€Ğ¾Ğ¶Ğ´Ğ°ÑÑ‚ÑÑ, Ñ‡Ñ‚Ğ¾Ğ±Ñ‹ Ğ¸Ñ… Ğ»ÑĞ±Ğ¸Ğ»Ğ¸ ğŸ’",Ğ¡ĞšĞ˜Ğ”ĞšĞ -70% Ğ”Ğ»Ñ Ğ’ÑĞµÑ… Ğ–ĞµĞ½Ñ‰Ğ¸Ğ½ ğŸ‘‰,"ğŸ’ Ğ–Ñ–Ğ½ĞºĞ¸ Ğ½Ğ°Ñ€Ğ¾Ğ´Ğ¶ĞµĞ½Ñ–, Ñ‰Ğ¾Ğ± Ñ—Ñ… Ğ»ÑĞ±Ğ¸Ğ»Ğ¸ ğŸ’",Ğ—ĞĞ˜Ğ–ĞšĞ -70% Ğ´Ğ»Ñ Ğ²ÑÑ–Ñ… Ğ¶Ñ–Ğ½Ğ¾Ğº ğŸ‘‰,ğŸ’ Frauen sind geboren um geliebt zu werden ğŸ’,RABATT -70% fÃ¼r alle Frauen ğŸ‘‰,Les femmes sont nÃ©es pour Ãªtre aimÃ©es ğŸ’,REMISE -70% pour toutes les femmes ğŸ‘‰,ğŸ’ Wanita Dilahirkan Untuk Dicintai ğŸ’,DISKON -70% Untuk Semua Wanita ğŸ‘‰,ğŸ’ ì—¬ì„±ì€ ì‚¬ë‘ë°›ê¸° ìœ„í•´ íƒœì–´ë‚œë‹¤ ğŸ’,ëª¨ë“  ì—¬ì„±ì˜ ê²½ìš° -70% í• ì¸ ğŸ‘‰,ğŸ’ Phá»¥ ná»¯ sinh ra lÃ  Ä‘á»ƒ Ä‘Æ°á»£c yÃªu ğŸ’,GIáº¢M GIÃ -70% cho cÃ¡c chá»‹ em ğŸ‘‰,ğŸ’å¥³æ€§ã¯æ„›ã™ã‚‹ãŸã‚ã«ç”Ÿã¾ã‚Œã¦ã„ã¾ã™ğŸ’,å‰²å¼•-30ï¼…ã™ã¹ã¦ã®å¥³æ€§ã®ãŸã‚ã«ğŸ‘‰,ğŸ’ Le donne sono nate per amare ğŸ’,SCONTO -70% Per Tutte le Donne ğŸ‘‰,ğŸ’ à¤®à¤¹à¤¿à¤²à¤¾à¤à¤‚ à¤ªà¥à¤¯à¤¾à¤° à¤•à¤°à¤¨à¥‡ à¤•à¥‡ à¤²à¤¿à¤ à¤ªà¥ˆà¤¦à¤¾ à¤¹à¥‹à¤¤à¥€ à¤¹à¥ˆà¤‚ ğŸ’,à¤›à¥‚à¤Ÿ -70% à¤¸à¤­à¥€ à¤®à¤¹à¤¿à¤²à¤¾à¤“à¤‚ à¤•à¥‡ à¤²à¤¿à¤ ğŸ‘‰,ğŸ’ à¸œà¸¹à¹‰à¸«à¸à¸´à¸‡à¹€à¸à¸´à¸”à¸¡à¸²à¹€à¸à¸·à¹ˆà¸­à¸£à¸±à¸ ğŸ’,à¸ªà¹ˆà¸§à¸™à¸¥à¸” -70% à¸ªà¸³à¸«à¸£à¸±à¸šà¸œà¸¹à¹‰à¸«à¸à¸´à¸‡à¸—à¸¸à¸à¸„à¸™ ğŸ‘‰,ğŸ’ Wanita Dilahirkan Untuk Mencintai ğŸ’,DISKAUN -70% Untuk Semua Wanita ğŸ‘‰,ğŸ’ Ø§Ù„Ù†Ø³Ø§Ø¡ ÙŠÙˆÙ„Ø¯Ù† Ù„ÙŠØ­Ø¨Ù† ğŸ’,Ø®ØµÙ… -30Ùª Ù„Ø¬Ù…ÙŠØ¹ Ø§Ù„Ù†Ø³Ø§Ø¡ ğŸ‘‰
3,7,70%,Happy Women's Day!,15h,ğŸ“¢ ONLY 50 Coupon Left ğŸ“¢,Check our gift for all beautiful women ğŸ‘‰,ğŸ“¢ SOLO 50 cupones restantes ğŸ“¢,Mira nuestro regalo para todas las mujeres hermosas ğŸ‘‰,ğŸ“¢ SOMENTE 50 cupom restantes ğŸ“¢,Confira nosso presente para todas as mulheres bonitas ğŸ‘‰,ğŸ“¢ ĞÑÑ‚Ğ°Ğ»Ğ¾ÑÑŒ Ğ¢ĞĞ›Ğ¬ĞšĞ 50 ĞºÑƒĞ¿Ğ¾Ğ½Ğ¾Ğ² ğŸ“¢,ĞŸÑ€Ğ¾Ğ²ĞµÑ€ÑŒÑ‚Ğµ Ğ½Ğ°Ñˆ Ğ¿Ğ¾Ğ´Ğ°Ñ€Ğ¾Ğº Ğ²ÑĞµĞ¼ ĞºÑ€Ğ°ÑĞ¸Ğ²Ñ‹Ğ¼ Ğ¶ĞµĞ½Ñ‰Ğ¸Ğ½Ğ°Ğ¼ ğŸ‘‰,ğŸ“¢ Ğ—Ğ°Ğ»Ğ¸ÑˆĞ¸Ğ»Ğ¾ÑÑ Ğ¢Ğ†Ğ›Ğ¬ĞšĞ˜ 50 ĞºÑƒĞ¿Ğ¾Ğ½Ñ–Ğ² ğŸ“¢,ĞŸĞµÑ€ĞµĞ²Ñ–Ñ€Ñ‚Ğµ Ğ½Ğ°Ñˆ Ğ¿Ğ¾Ğ´Ğ°Ñ€ÑƒĞ½Ğ¾Ğº Ğ´Ğ»Ñ Ğ²ÑÑ–Ñ… Ğ¿Ñ€ĞµĞºÑ€Ğ°ÑĞ½Ğ¸Ñ… Ğ¶Ñ–Ğ½Ğ¾Ğº ğŸ‘‰,ğŸ“¢ NUR 50 Coupon Ã¼brig ğŸ“¢,Check unser Geschenk fÃ¼r alle schÃ¶nen Frauen ğŸ‘‰,ğŸ“¢ SEULEMENT 50 coupons restants ğŸ“¢,Consultez notre cadeau pour toutes les belles femmes ğŸ‘‰,ğŸ“¢ HANYA 50 Kupon Tersisa ğŸ“¢,Periksa hadiah kami untuk semua wanita cantik ğŸ‘‰,ğŸ“¢ 50ì¿ í° ë‚¨ì•˜ìŠµë‹ˆë‹¤ ğŸ“¢,ëª¨ë“  ì•„ë¦„ë‹¤ìš´ ì—¬ì„±ì„ ìœ„í•œ ì„ ë¬¼ì„ í™•ì¸í•˜ì„¸ìš” ğŸ‘‰,ğŸ“¢ CHá»ˆ cÃ²n 50 Phiáº¿u Giáº£m GiÃ¡ ğŸ“¢,CÃ¡c chá»‹ em kiá»ƒm tra kho quÃ  táº·ng ngay thÃ´i ğŸ‘‰,ğŸ“¢æ®‹ã‚Šã‚ãšã‹50ã‚¯ãƒ¼ãƒãƒ³ğŸ“¢,ã™ã¹ã¦ã®ç¾ã—ã„å¥³æ€§ã¸ã®è´ˆã‚Šç‰©ã‚’ãƒã‚§ãƒƒã‚¯ã—ã¦ãã ã•ã„ğŸ‘‰,ğŸ“¢ SOLO 50 Coupon rimasti ğŸ“¢,Dai un'occhiata al nostro regalo per tutte le belle donne ğŸ‘‰,ğŸ“¢ à¤•à¥‡à¤µà¤² 50 à¤•à¥‚à¤ªà¤¨ à¤¬à¤šà¥‡ à¤¹à¥ˆà¤‚ ğŸ“¢,à¤¸à¤­à¥€ à¤–à¥‚à¤¬à¤¸à¥‚à¤°à¤¤ à¤®à¤¹à¤¿à¤²à¤¾à¤“à¤‚ à¤•à¥‡ à¤²à¤¿à¤ à¤¹à¤®à¤¾à¤°à¥‡ à¤‰à¤ªà¤¹à¤¾à¤° à¤•à¥€ à¤œà¤¾à¤à¤š à¤•à¤°à¥‡à¤‚ ğŸ‘‰,ğŸ“¢ à¹€à¸«à¸¥à¸·à¸­à¹€à¸à¸µà¸¢à¸‡ 50 à¸„à¸¹à¸›à¸­à¸‡ ğŸ“¢,à¸•à¸£à¸§à¸ˆà¸ªà¸­à¸šà¸‚à¸­à¸‡à¸‚à¸§à¸±à¸à¸‚à¸­à¸‡à¹€à¸£à¸²à¸ªà¸³à¸«à¸£à¸±à¸šà¸œà¸¹à¹‰à¸«à¸à¸´à¸‡à¸ªà¸§à¸¢à¸—à¸¸à¸à¸„à¸™ ğŸ‘‰,ğŸ“¢ Tinggal 50 Kupon SAHAJA ğŸ“¢,Semak hadiah kami untuk semua wanita cantik ğŸ‘‰,ğŸ“¢ Ø¨Ù‚ÙŠ 50 ÙƒÙˆØ¨ÙˆÙ† ÙÙ‚Ø· ğŸ“¢,ØªØ­Ù‚Ù‚ Ù…Ù† Ù‡Ø¯ÙŠØªÙ†Ø§ Ù„Ø¬Ù…ÙŠØ¹ Ø§Ù„Ù†Ø³Ø§Ø¡ Ø§Ù„Ø¬Ù…ÙŠÙ„Ø§Øª ğŸ‘‰
3,7,70%,Happy Women's Day!,20h,OOPS! Women's Day Sale Ending Soon ğŸ˜±,Open to catch your Flash Sale ğŸ‘‰,OOPS! La oferta del dÃ­a de la mujer finalizarÃ¡ pronto ğŸ˜±,Abierta para atrapar tu venta Flash ğŸ‘‰,Oh nÃ£o! LiquidaÃ§Ã£o do Dia da Mulher acabando em breve ğŸ˜±,Aberto para participar da PromoÃ§Ã£o FlashğŸ‘‰,"Ğ, Ğ½ĞµÑ‚! Ğ Ğ°ÑĞ¿Ñ€Ğ¾Ğ´Ğ°Ğ¶Ğ° Ğ½Ğ° Ğ¶ĞµĞ½ÑĞºĞ¸Ğ¹ Ğ´ĞµĞ½ÑŒ ÑĞºĞ¾Ñ€Ğ¾ Ğ·Ğ°ĞºĞ¾Ğ½Ñ‡Ğ¸Ñ‚ÑÑ ğŸ˜±","ĞÑ‚ĞºÑ€Ñ‹Ñ‚, Ñ‡Ñ‚Ğ¾Ğ±Ñ‹ Ğ¿Ñ€Ğ¸ÑĞ¾ĞµĞ´Ğ¸Ğ½Ğ¸Ñ‚ÑŒÑÑ Ğº Flash SaleğŸ‘‰",Ğ Ğ½Ñ–! Ğ Ğ¾Ğ·Ğ¿Ñ€Ğ¾Ğ´Ğ°Ğ¶ Ğ´Ğ¾ Ğ¶Ñ–Ğ½Ğ¾Ñ‡Ğ¾Ğ³Ğ¾ Ğ´Ğ½Ñ Ğ½ĞµĞ·Ğ°Ğ±Ğ°Ñ€Ğ¾Ğ¼ Ğ·Ğ°ĞºÑ–Ğ½Ñ‡Ğ¸Ñ‚ÑŒÑÑ ğŸ˜±,Ğ’Ñ–Ğ´ĞºÑ€Ğ¸Ğ¹Ñ‚Ğµ Ğ´Ğ»Ñ ÑƒÑ‡Ğ°ÑÑ‚Ñ– Ñƒ Flash SaleğŸ‘‰,Ach nein! Der Sale zum Frauentag endet bald ğŸ˜±,Offen fÃ¼r Flash SaleğŸ‘‰,Oh non! La vente de la journÃ©e de la femme se termine bientÃ´t ğŸ˜±,Ouvert pour rejoindre la Vente FlashğŸ‘‰,Oh tidak! Obral Hari Perempuan Segera Berakhir ğŸ˜±,Terbuka untuk bergabung dengan Flash SaleğŸ‘‰,ì•ˆ ë¼! ì—¬ì„±ì˜ ë‚  í• ì¸ì´ ê³§ ì¢…ë£Œë©ë‹ˆë‹¤ ğŸ˜±,í”Œë˜ì‹œì„¸ì¼ ì°¸ì—¬í•˜ê¸°ğŸ‘‰,Báº N Æ I! Æ¯u ÄÃ£i 8/3 sáº¯p káº¿t thÃºc rá»“i ğŸ˜±,Nháº¥n Ä‘á»ƒ tham gia Flash SaleğŸ‘‰,ãŠã£ã¨ã£ã¨ï¼ é–“ã‚‚ãªãçµ‚äº†ã™ã‚‹å¥³æ€§ã®æ—¥ã‚»ãƒ¼ãƒ«ğŸ˜±,ãƒ•ãƒ©ãƒƒã‚·ãƒ¥ã‚»ãƒ¼ãƒ«ã«å‚åŠ ã™ã‚‹ãŸã‚ã«é–‹ã„ã¦ãã ã•ã„ğŸ‘‰,OOPS! I saldi per la festa della donna stanno per terminare ğŸ˜±,Apri per ottenere il Coupon ğŸ‘‰,à¤‰à¤«à¤¼! à¤®à¤¹à¤¿à¤²à¤¾ à¤¦à¤¿à¤µà¤¸ à¤¬à¤¿à¤•à¥à¤°à¥€ à¤œà¤²à¥à¤¦ à¤¹à¥€ à¤¸à¤®à¤¾à¤ªà¥à¤¤ à¤¹à¥‹ à¤°à¤¹à¥€ à¤¹à¥ˆ ğŸ˜±,à¤•à¥‚à¤ªà¤¨ à¤ªà¥à¤°à¤¾à¤ªà¥à¤¤ à¤•à¤°à¤¨à¥‡ à¤•à¥‡ à¤²à¤¿à¤ à¤–à¥à¤²à¤¾ ğŸ‘‰,à¸­à¹Šà¸°! à¸¥à¸”à¸£à¸²à¸„à¸²à¸§à¸±à¸™à¸ªà¸•à¸£à¸µà¸à¸³à¸¥à¸±à¸‡à¸ˆà¸°à¸«à¸¡à¸”à¸¥à¸‡à¹€à¸£à¹‡à¸§à¹† à¸™à¸µà¹‰ ğŸ˜±,à¹€à¸›à¸´à¸”à¸£à¸±à¸šà¸„à¸¹à¸›à¸­à¸‡ ğŸ‘‰,OOPS! Jualan Hari Wanita Tak Lama Lagi ğŸ˜±,Buka untuk dapatkan Kupon ğŸ‘‰,ÙˆØ¬Ù‡ Ø§Ù„ÙØªØ§Ø©! ØªØ®ÙÙŠØ¶Ø§Øª ÙŠÙˆÙ… Ø§Ù„Ù…Ø±Ø£Ø© Ø³ØªÙ†ØªÙ‡ÙŠ Ù‚Ø±ÙŠØ¨Ù‹Ø§,Ø§ÙØªØ­ Ù„ØªØ­ØµÙ„ Ø¹Ù„Ù‰ Ø§Ù„Ù‚Ø³ÙŠÙ…Ø© ğŸ‘‰
3,23,70%,Flash Sale,9h,ğŸ A GIFT FOR YOU ğŸ,Discount -70% Only Today! ğŸ‘‰,ğŸ UN REGALO PARA TI ğŸ,Descuento -70% Â¡Solo en 24 horas! ğŸ‘‰,ğŸ UM PRESENTE PARA VOCÃŠ ğŸ,Desconto de -70% somente em 24 horas! ğŸ‘‰,ğŸ ĞŸĞĞ”ĞĞ ĞĞš Ğ”Ğ›Ğ¯ Ğ’ĞĞ¡ ğŸ,Ğ¡ĞºĞ¸Ğ´ĞºĞ° -70% Ğ¢Ğ¾Ğ»ÑŒĞºĞ¾ Ğ·Ğ° 24 Ñ‡Ğ°ÑĞ°! ğŸ‘‰,ğŸ ĞŸĞĞ”ĞĞ Ğ£ĞĞĞš Ğ”Ğ›Ğ¯ Ğ’ĞĞ¡ ğŸ,Ğ—Ğ½Ğ¸Ğ¶ĞºĞ° -70% Ñ‚Ñ–Ğ»ÑŒĞºĞ¸ Ğ·Ğ° 24 Ğ³Ğ¾Ğ´Ğ¸Ğ½Ğ¸! ğŸ‘‰,ğŸ EIN GESCHENK FÃœR DICH ğŸ,Rabatt -70% Nur in 24 Stunden! ğŸ‘‰,ğŸ UN CADEAU POUR VOUS ğŸ,Remise -70% Seulement En 24h ! ğŸ‘‰,ğŸ HADIAH UNTUK ANDA ğŸ,Diskon -70% Hanya Dalam 24 jam! ğŸ‘‰,ğŸ ë‹¹ì‹ ì„ ìœ„í•œ ì„ ë¬¼ ğŸ,í• ì¸ -70% ë‹¨ 24ì‹œê°„ ë‚´! ğŸ‘‰,ğŸ CÃ“ QUÃ€ CHO Báº N ÄÃ‚Y ğŸ,Giáº£m giÃ¡ -70% chá»‰ trong hÃ´m nay! ğŸ‘‰,ğŸã‚ãªãŸã¸ã®è´ˆã‚Šç‰©ğŸ,24æ™‚é–“ã§-30ï¼…å‰²å¼•ï¼ ğŸ‘‰,ğŸ UN REGALO PER TE ğŸ,Sconto -70% Solo In 24 ore! ğŸ‘‰,ğŸ à¤†à¤ªà¤•à¥‡ à¤²à¤¿à¤ à¤à¤• à¤‰à¤ªà¤¹à¤¾à¤° ğŸ,à¤›à¥‚à¤Ÿ -70% à¤•à¥‡à¤µà¤² 24 à¤˜à¤‚à¤Ÿà¥‹à¤‚ à¤®à¥‡à¤‚! ğŸ‘‰,ğŸ à¸‚à¸­à¸‡à¸‚à¸§à¸±à¸à¸ªà¸³à¸«à¸£à¸±à¸šà¸„à¸¸à¸“ ğŸ,à¸¥à¸” -70% à¹€à¸‰à¸à¸²à¸°à¹ƒà¸™ 24 à¸Šà¸¡.! ğŸ‘‰,ğŸ HADIAH UNTUK ANDA ğŸ,Diskaun -70% Sahaja Dalam 24 jam! ğŸ‘‰,ğŸ Ù‡Ø¯ÙŠØ© Ù„Ùƒ ğŸ,Ø®ØµÙ… -30Ùª ÙÙ‚Ø· Ø®Ù„Ø§Ù„ 24 Ø³Ø§Ø¹Ø©! ğŸ‘‰
3,23,70%,Flash Sale,15h,ğŸ§§ Discount -70% for the loyalty users,Check it now! ğŸ‘‰,ğŸ§§ Descuento -70% para los usuarios fidelizados,Â¡RevÃ­selo ahora! ğŸ‘‰,ğŸ§§ Desconto de -70% para usuÃ¡rios fidelizados,Verifique agora! ğŸ‘‰,ğŸ§§ Ğ¡ĞºĞ¸Ğ´ĞºĞ° -70% Ğ´Ğ»Ñ Ğ¿Ğ¾ÑÑ‚Ğ¾ÑĞ½Ğ½Ñ‹Ñ… Ğ¿Ğ¾Ğ»ÑŒĞ·Ğ¾Ğ²Ğ°Ñ‚ĞµĞ»ĞµĞ¹,ĞŸÑ€Ğ¾Ğ²ĞµÑ€ÑŒ ÑÑ‚Ğ¾ ÑĞµĞ¹Ñ‡Ğ°Ñ! ğŸ‘‰,ğŸ§§ Ğ”Ğ»Ñ Ğ¿Ğ¾ÑÑ‚Ñ–Ğ¹Ğ½Ğ¸Ñ… ĞºĞ¾Ñ€Ğ¸ÑÑ‚ÑƒĞ²Ğ°Ñ‡Ñ–Ğ² Ğ·Ğ½Ğ¸Ğ¶ĞºĞ° -70%.,ĞŸĞµÑ€ĞµĞ²Ñ–Ñ€Ñ‚Ğµ Ñ†Ğµ Ğ·Ğ°Ñ€Ğ°Ğ·! ğŸ‘‰,ğŸ§§ Rabatt -70% fÃ¼r die Treuebenutzer,ÃœberprÃ¼fen Sie es jetzt! ğŸ‘‰,ğŸ§§ Remise -70% pour les utilisateurs fidÃ©litÃ©,VÃ©rifie-le maintenant! ğŸ‘‰,ğŸ§§ Diskon -70% untuk pengguna loyalitas,Periksa sekarang! ğŸ‘‰,ğŸ§§ ë¡œì—´í‹° ì‚¬ìš©ìë¥¼ ìœ„í•œ í• ì¸ -70%,ë°”ë¡œ í™•ì¸í•´ë³´ì„¸ìš”! ğŸ‘‰,ğŸ§§ Giáº£m giÃ¡ -70% cho ngÆ°á»i dÃ¹ng thÃ¢n thiáº¿t,Xem ngay! ğŸ‘‰,ğŸ§§ãƒ­ã‚¤ãƒ¤ãƒ«ãƒ†ã‚£ãƒ¦ãƒ¼ã‚¶ãƒ¼ã®å‰²å¼•-30ï¼…,ä»Šã™ããƒã‚§ãƒƒã‚¯ã—ã¦ãã ã•ã„ï¼ ğŸ‘‰,ğŸ§§ Sconto -70% per gli utenti fidelizzati,Controllalo adesso! ğŸ‘‰,ğŸ§§ à¤²à¥‰à¤¯à¤²à¥à¤Ÿà¥€ à¤‰à¤ªà¤¯à¥‹à¤—à¤•à¤°à¥à¤¤à¤¾à¤“à¤‚ à¤•à¥‡ à¤²à¤¿à¤ à¤›à¥‚à¤Ÿ -70%,à¤…à¤­à¥€ à¤œà¤¾à¤‚à¤š à¤•à¤°à¥‡à¤‚! ğŸ‘‰,ğŸ§§ à¸ªà¹ˆà¸§à¸™à¸¥à¸” -70% à¸ªà¸³à¸«à¸£à¸±à¸šà¸œà¸¹à¹‰à¹ƒà¸Šà¹‰à¸„à¸§à¸²à¸¡à¸ à¸±à¸à¸”à¸µ,à¸•à¸£à¸§à¸ˆà¸ªà¸­à¸šà¹€à¸¥à¸¢! ğŸ‘‰,ğŸ§§ Diskaun -70% untuk pengguna setia,Semak sekarang! ğŸ‘‰,ğŸ§§ Ø®ØµÙ… -30Ùª Ù„Ù…Ø³ØªØ®Ø¯Ù…ÙŠ Ø§Ù„ÙˆÙ„Ø§Ø¡,ØªØ­Ù‚Ù‚ Ù…Ù†Ù‡Ø§ Ø§Ù„Ø¢Ù†! ğŸ‘‰
3,23,70%,Flash Sale,20h,"ğŸˆHappy Sale, Happy Day! ğŸˆ",Hurry Up! Flash Sale ending soon ğŸ‘‰,ğŸˆSÃ³lo quedan 26 cupones de regaloğŸˆ,Â¡Darse prisa! Venta flash que terminarÃ¡ pronto ğŸ‘‰,"ğŸˆFeliz Venda, Feliz Dia! ğŸˆ",Se apresse! PromoÃ§Ã£o relÃ¢mpago terminando em breve ğŸ‘‰,ğŸˆ ĞÑÑ‚Ğ°Ğ²Ğ»ĞµĞ½ Ñ‚Ğ¾Ğ»ÑŒĞºĞ¾ Ğ¿Ğ¾Ğ´Ğ°Ñ€Ğ¾Ñ‡Ğ½Ñ‹Ğ¹ ÑĞµÑ€Ñ‚Ğ¸Ñ„Ğ¸ĞºĞ°Ñ‚ 26 ğŸˆ,Ğ¢Ğ¾Ñ€Ğ¾Ğ¿Ğ¸Ñ‚ÑŒÑÑ! Ğ¤Ğ»ÑÑˆ-Ñ€Ğ°ÑĞ¿Ñ€Ğ¾Ğ´Ğ°Ğ¶Ğ° ÑĞºĞ¾Ñ€Ğ¾ Ğ·Ğ°ĞºĞ¾Ğ½Ñ‡Ğ¸Ñ‚ÑÑ ğŸ‘‰,ğŸˆĞ—Ğ°Ğ»Ğ¸ÑˆĞ¸Ğ»Ğ¾ÑÑ Ğ»Ğ¸ÑˆĞµ 26 Ğ¿Ğ¾Ğ´Ğ°Ñ€ÑƒĞ½ĞºĞ¾Ğ²Ğ¸Ñ… Ğ²Ğ°ÑƒÑ‡ĞµÑ€Ñ–Ğ²ğŸˆ,ĞŸĞ¾ÑĞ¿Ñ–ÑˆĞ°Ğ¹! Ğ¤Ğ»ĞµÑˆ-Ñ€Ğ¾Ğ·Ğ¿Ñ€Ğ¾Ğ´Ğ°Ğ¶ Ğ½ĞµĞ·Ğ°Ğ±Ğ°Ñ€Ğ¾Ğ¼ Ğ·Ğ°ĞºÑ–Ğ½Ñ‡Ğ¸Ñ‚ÑŒÑÑ ğŸ‘‰,ğŸˆNur noch 26 Geschenkgutscheine Ã¼brigğŸˆ,Beeil dich! Flash Sale endet bald ğŸ‘‰,ğŸˆIl ne reste plus que 26 chÃ¨ques-cadeauxğŸˆ,DÃ©pÃªchez-vous! La vente flash se termine bientÃ´t ğŸ‘‰,ğŸˆHanya tersisa 26 Voucher HadiahğŸˆ,Percepat! Flash Sale akan segera berakhir ğŸ‘‰,ğŸˆìƒí’ˆê¶Œ 26ê°œ ë‚¨ì•˜ìŠµë‹ˆë‹¤ğŸˆ,ì„œë‘˜ëŸ¬ ìš”! í”Œë˜ì‹œì„¸ì¼ ì¢…ë£Œ ğŸ‘‰,"ğŸˆNgÃ y Má»›i, Sale PhÆ¡i Phá»›iğŸˆ",Nhanh LÃªn báº¡n Æ¡i! Flash Sale sáº¯p káº¿t thÃºc ğŸ‘‰,ğŸˆæ®‹ã‚Šã‚ãšã‹26ã‚®ãƒ•ãƒˆåˆ¸ğŸˆ,æ€¥ã’ï¼ ãƒ•ãƒ©ãƒƒã‚·ãƒ¥ã‚»ãƒ¼ãƒ«ã¯ã¾ã‚‚ãªãçµ‚äº†ã—ã¾ã™ğŸ‘‰,ğŸˆSolo 26 buoni regalo rimastiğŸˆ,Affrettarsi! La vendita flash sta per terminare ğŸ‘‰,ğŸˆà¤•à¥‡à¤µà¤² 26 à¤‰à¤ªà¤¹à¤¾à¤° à¤µà¤¾à¤‰à¤šà¤° à¤¶à¥‡à¤·ğŸˆ,à¤œà¤²à¥à¤¦à¥€ à¤¸à¥‡! à¤«à¥à¤²à¥ˆà¤¶ à¤¸à¥‡à¤² à¤œà¤²à¥à¤¦ à¤–à¤¤à¥à¤® à¤¹à¥‹ à¤°à¤¹à¥€ à¤¹à¥ˆ ğŸ‘‰,ğŸˆà¹€à¸«à¸¥à¸·à¸­à¹€à¸à¸µà¸¢à¸‡ 26 Gift VoucherğŸˆ,à¸£à¸µà¸šà¸‚à¸¶à¹‰à¸™! Flash Sale à¹ƒà¸à¸¥à¹‰à¸«à¸¡à¸”à¹€à¸‚à¸•à¹à¸¥à¹‰à¸§ ğŸ‘‰,ğŸˆHanya Berbaki 26 Baucar HadiahğŸˆ,Cepat! Jualan Kilat akan tamat tidak lama lagi ğŸ‘‰,ğŸˆ Ù„Ù… ÙŠØªØ¨Ù‚ Ø³ÙˆÙ‰ 26 Ù‚Ø³ÙŠÙ…Ø© Ù‡Ø¯Ø§ÙŠØ§ ğŸˆ,Ø¹Ø¬Ù„ÙˆØ§! Ø¨ÙŠØ¹ ÙÙ„Ø§Ø´ Ø³ÙŠÙ†ØªÙ‡ÙŠ Ù‚Ø±ÙŠØ¨Ù‹Ø§ ğŸ‘‰
4,4,70%,Flash Sale 4:4,9h,ğŸ”¥ğŸ”¥ [HOT] FLASH SALE 4:4 -70% ğŸ”¥ğŸ”¥,Grab your offer now ğŸ‘‰,ğŸ”¥ğŸ”¥ [CALIENTE] OFERTA FLASH 4: 4 -70% ğŸ”¥ğŸ”¥,Acepta tu oferta ahora ğŸ‘‰,ğŸ”¥ğŸ”¥ [QUENTE] VENDA FLASH 4: 4 -70% ğŸ”¥ğŸ”¥,Aceite sua oferta agora ğŸ‘‰,ğŸ”¥ğŸ”¥ [HOT] Ğ ĞĞ¡ĞŸĞ ĞĞ”ĞĞ–Ğ 4: 4 -70% ğŸ”¥ğŸ”¥,ĞŸĞ¾Ğ»ÑƒÑ‡Ğ¸Ñ‚Ğµ ÑĞ²Ğ¾Ğµ Ğ¿Ñ€ĞµĞ´Ğ»Ğ¾Ğ¶ĞµĞ½Ğ¸Ğµ Ğ¿Ñ€ÑĞ¼Ğ¾ ÑĞµĞ¹Ñ‡Ğ°Ñ ğŸ‘‰,ğŸ”¥ğŸ”¥ [Ğ“ĞĞ Ğ¯Ğ§Ğ˜Ğ™] FLASH SALE 4:4 -70% ğŸ”¥ğŸ”¥,Ğ¡ĞºĞ¾Ñ€Ğ¸ÑÑ‚Ğ°Ğ¹Ñ‚ĞµÑÑ ÑĞ²Ğ¾Ñ”Ñ Ğ¿Ñ€Ğ¾Ğ¿Ğ¾Ğ·Ğ¸Ñ†Ñ–Ñ”Ñ Ğ·Ğ°Ñ€Ğ°Ğ· ğŸ‘‰,,,,,,,,,,,,,,,,,,,,,,
4,4,70%,Flash Sale 4:5,15h,ğŸ† BEST Offer in April ğŸ†,Chance to discount -70% ğŸ‘‰,ğŸ† MEJOR Oferta en abril ğŸ†,Descuento -70% ğŸ‘‰,ğŸ† MELHOR oferta em abril ğŸ†,Chance de desconto -70% ğŸ‘‰,ğŸ† Ğ›Ğ£Ğ§Ğ¨Ğ•Ğ• Ğ¿Ñ€ĞµĞ´Ğ»Ğ¾Ğ¶ĞµĞ½Ğ¸Ğµ Ğ°Ğ¿Ñ€ĞµĞ»Ñ ğŸ†,Ğ¡ĞºĞ¸Ğ´ĞºĞ¸ -70% ğŸ‘‰,ğŸ† ĞĞĞ™ĞšĞ ĞĞ©Ğ Ğ¿Ñ€Ğ¾Ğ¿Ğ¾Ğ·Ğ¸Ñ†Ñ–Ñ Ñƒ ĞºĞ²Ñ–Ñ‚Ğ½Ñ– ğŸ†,Ğ—Ğ½Ğ¸Ğ¶ĞºĞ¸ -70% ğŸ‘‰,,,,,,,,,,,,,,,,,,,,,,
4,4,70%,Flash Sale 4:6,20h,ğŸ‘‹ğŸ» Hi there! Check Your ğŸ Now!,A -70% Voucher sent to your account ğŸ‘‰,ğŸ‘‹ğŸ» Â¡Hola! Â¡Compruebe su ğŸ ahora!,Un vale del -70% enviado a su cuenta ğŸ‘‰,ğŸ‘‹ğŸ» OlÃ¡! Verifique o seu ğŸ agora!,Um voucher de -70% enviado para sua conta ğŸ‘‰,ğŸ‘‹ğŸ» Ğ—Ğ´Ñ€Ğ°Ğ²ÑÑ‚Ğ²ÑƒĞ¹Ñ‚Ğµ! ĞŸÑ€Ğ¾Ğ²ĞµÑ€ÑŒÑ‚Ğµ ÑĞ²Ğ¾Ğ¹ ğŸ Ğ¿Ñ€ÑĞ¼Ğ¾ ÑĞµĞ¹Ñ‡Ğ°Ñ!,Ğ’Ğ°ÑƒÑ‡ĞµÑ€ -70% Ğ¾Ñ‚Ğ¿Ñ€Ğ°Ğ²Ğ»ĞµĞ½ Ğ½Ğ° Ğ²Ğ°Ñˆ ÑÑ‡ĞµÑ‚ ğŸ‘‰,ğŸ‘‹ğŸ» ĞŸÑ€Ğ¸Ğ²Ñ–Ñ‚! ĞŸĞµÑ€ĞµĞ²Ñ–Ñ€Ñ‚Ğµ ÑĞ²Ñ–Ğ¹ ğŸ Ğ·Ğ°Ñ€Ğ°Ğ·!,Ğ’Ğ°ÑƒÑ‡ĞµÑ€ Ğ½Ğ° -70% Ğ½Ğ°Ğ´Ñ–ÑĞ»Ğ°Ğ½Ğ¾ Ğ½Ğ° Ğ²Ğ°Ñˆ Ñ€Ğ°Ñ…ÑƒĞ½Ğ¾Ğº ğŸ‘‰,,,,,,,,,,,,,,,,,,,,,,
4,20,70%,Earth Day!,9h,TURN OFF YOUR ğŸ’¡ - OPEN YOUR APP,ğŸ”¥ 100 COUPONS are waiting for the Fastest,APAGUE SU ğŸ’¡ - ABRA SU APLICACIÃ“N,ğŸ”¥ 100 CUPONES estÃ¡n esperando el mÃ¡s rÃ¡pido,DESLIGUE O SEU ğŸ’¡ - ABRA O SEU APLICATIVO,ğŸ”¥ 100 CUPONS estÃ£o esperando pelo mais rÃ¡pido,Ğ’Ğ«ĞšĞ›Ğ®Ğ§Ğ˜Ğ¢Ğ• ğŸ’¡ - ĞĞ¢ĞšĞ ĞĞ™Ğ¢Ğ• ĞŸĞ Ğ˜Ğ›ĞĞ–Ğ•ĞĞ˜Ğ•,ğŸ”¥ 100 ĞšĞ£ĞŸĞĞĞĞ’ Ğ¶Ğ´ÑƒÑ‚ ÑĞ°Ğ¼Ñ‹Ñ… Ğ±Ñ‹ÑÑ‚Ñ€Ñ‹Ñ…,Ğ’Ğ˜ĞœĞšĞĞ®Ğ™Ğ¢Ğ• ğŸ’¡ - Ğ’Ğ†Ğ”ĞšĞ Ğ˜Ğ¢Ğ• Ğ¡Ğ’Ğ†Ğ™ Ğ”ĞĞ”ĞĞ¢ĞĞš,ğŸ”¥ 100 ĞšĞ£ĞŸĞĞĞ†Ğ’ Ñ‡ĞµĞºĞ°ÑÑ‚ÑŒ ĞĞ°Ğ¹ÑˆĞ²Ğ¸Ğ´ÑˆĞ¾Ğ³Ğ¾,SCHALTEN SIE IHRE ğŸ’¡ - Ã–FFNEN SIE IHRE APP,ğŸ”¥ 100 GUTSCHEINE warten auf die Schnellsten,ğŸ’¡ Ã‰TEIGNEZ VOTRE BULK - OUVREZ VOTRE APP,ğŸ”¥ 100 COUPONS attendent le plus rapide,,,,,,,,,,,,,,,,,,
4,20,70%,Earth Day!,15h,ğŸ”¥ [HOT] Special GIFT for Earth Day ğŸ”¥,ONLY chance to discount -70% ğŸ”¥,ğŸ”¥ [CALIENTE] REGALO especial para el DÃ­a de la Tierra ğŸ”¥,ÃšNICA posibilidad de descuento -70% ğŸ”¥,ğŸ”¥ [QUENTE] PRESENTE especial para o Dia da Terra ğŸ”¥,SÃ“ chance de desconto de -70% ğŸ”¥,ğŸ”¥ [HOT] Ğ¡Ğ¿ĞµÑ†Ğ¸Ğ°Ğ»ÑŒĞ½Ñ‹Ğ¹ ĞŸĞĞ”ĞĞ ĞĞš ĞºĞ¾ Ğ”Ğ½Ñ Ğ—ĞµĞ¼Ğ»Ğ¸ ğŸ”¥,Ğ¢ĞĞ›Ğ¬ĞšĞ ÑˆĞ°Ğ½Ñ Ğ½Ğ° ÑĞºĞ¸Ğ´ĞºÑƒ -70% ğŸ”¥,ğŸ”¥ [Ğ“ĞĞ Ğ¯Ğ§Ğ˜Ğ™] Ğ¡Ğ¿ĞµÑ†Ñ–Ğ°Ğ»ÑŒĞ½Ğ¸Ğ¹ ĞŸĞĞ”ĞĞ Ğ£ĞĞĞš Ğ´Ğ¾ Ğ”Ğ½Ñ Ğ—ĞµĞ¼Ğ»Ñ– ğŸ”¥,Ğ¢Ğ†Ğ›Ğ¬ĞšĞ˜ ÑˆĞ°Ğ½Ñ Ğ½Ğ° Ğ·Ğ½Ğ¸Ğ¶ĞºÑƒ -70% ğŸ”¥,ğŸ”¥ [HOT] Spezielles GESCHENK zum Tag der Erde ğŸ”¥,NUR Chance auf Rabatt -70% ğŸ”¥,ğŸ”¥ [CHAUD] CADEAU spÃ©cial pour le Jour de la Terre ğŸ”¥,SEULE chance de remise -70% ğŸ”¥,,,,,,,,,,,,,,,,,,
4,20,70%,Earth Day!,20h,ğŸ“¢ ONLY 3 DAY - SALE 70% ğŸ“¢ ,Hurry Up! Only 50 coupons left ğŸ‘‰,ğŸ“¢ SOLO 3 DÃAS - VENTA 70% ğŸ“¢,Â¡Darse prisa! Solo quedan 50 cupones ğŸ‘‰,ğŸ“¢ APENAS 3 DIAS - VENDA 70% ğŸ“¢,Se apresse! Restam apenas 50 cupons ğŸ‘‰,ğŸ“¢ Ğ¢ĞĞ›Ğ¬ĞšĞ 3 Ğ”ĞĞ¯ - Ğ¡ĞšĞ˜Ğ”ĞšĞ 70% ğŸ“¢,Ğ¢Ğ¾Ñ€Ğ¾Ğ¿Ğ¸Ñ‚ÑŒÑÑ! ĞÑÑ‚Ğ°Ğ»Ğ¾ÑÑŒ Ğ²ÑĞµĞ³Ğ¾ 50 ĞºÑƒĞ¿Ğ¾Ğ½Ğ¾Ğ² ğŸ‘‰,ğŸ“¢ Ğ¢Ğ†Ğ›Ğ¬ĞšĞ˜ 3 Ğ”ĞĞ† - Ğ ĞĞ—ĞŸĞ ĞĞ”ĞĞ– 70% ğŸ“¢,ĞŸĞ¾ÑĞ¿Ñ–ÑˆĞ°Ğ¹! Ğ—Ğ°Ğ»Ğ¸ÑˆĞ¸Ğ»Ğ¾ÑÑ Ğ²ÑÑŒĞ¾Ğ³Ğ¾ 50 ĞºÑƒĞ¿Ğ¾Ğ½Ñ–Ğ² ğŸ‘‰,ğŸ“¢ NUR 3 TAGE - SALE 70% ğŸ“¢,Beeil dich! Nur noch 50 Coupons Ã¼brig,ğŸ“¢ SEULEMENT 3 JOURS - VENTE 70% ğŸ“¢,DÃ©pÃªchez-vous! Plus que 50 coupons ğŸ‘‰,,,,,,,,,,,,,,,,,,
4,21,70%,Earth Day!,9h,ğŸŒ Hello EARTH DAY ğŸŒ SALE OFF -70%,Check your Voucher now ğŸ‘‰,ğŸŒ Hola DÃA DE LA TIERRA ğŸŒ VENTA DE -70%,Verifique su bono ahora ğŸ‘‰,ğŸŒ OlÃ¡ DIA DA TERRA ğŸŒ VENDA OFF -70%,Verifique seu voucher agora ğŸ‘‰,"ğŸŒ ĞŸÑ€Ğ¸Ğ²ĞµÑ‚, Ğ”Ğ•ĞĞ¬ Ğ—Ğ•ĞœĞ›Ğ˜ ğŸŒ Ğ¡ĞšĞ˜Ğ”ĞšĞ -70%",ĞŸÑ€Ğ¾Ğ²ĞµÑ€ÑŒÑ‚Ğµ ÑĞ²Ğ¾Ğ¹ Ğ²Ğ°ÑƒÑ‡ĞµÑ€ ÑĞµĞ¹Ñ‡Ğ°Ñ ğŸ‘‰,"ğŸŒ ĞŸÑ€Ğ¸Ğ²Ñ–Ñ‚, Ğ”Ğ•ĞĞ¬ Ğ—Ğ•ĞœĞ›Ğ† ğŸŒ Ğ—ĞĞ˜Ğ–ĞšĞ -70%",ĞŸĞµÑ€ĞµĞ²Ñ–Ñ€Ñ‚Ğµ ÑĞ²Ñ–Ğ¹ Ğ²Ğ°ÑƒÑ‡ĞµÑ€ Ğ·Ğ°Ñ€Ğ°Ğ· ğŸ‘‰,ğŸŒ Hallo Tag der Erde ğŸŒ SALE RABATT -70%,Jetzt Gutschein prÃ¼fen ğŸ‘‰,ğŸŒ Bonjour JOUR DE LA TERRE ğŸŒ PROMO -70%,VÃ©rifiez votre bon maintenant ğŸ‘‰,,,,,,,,,,,,,,,,,,
4,21,70%,Earth Day!,15h,ğŸŒ± Don't Miss This Day ğŸŒ±,"A wonderful day for you to save the Earth, and for us to send you Gifts ğŸ",ğŸŒ± No te pierdas este dÃ­a ğŸŒ±,Un dÃ­a maravilloso para que salves la Tierra y para que te enviemos Regalos ğŸ,ğŸŒ± NÃ£o perca este dia ğŸŒ±,Um dia maravilhoso para vocÃª salvar a Terra e para enviarmos presentes a vocÃª ğŸ,ğŸŒ± ĞĞµ Ğ¿Ñ€Ğ¾Ğ¿ÑƒÑÑ‚Ğ¸Ñ‚Ğµ ÑÑ‚Ğ¾Ñ‚ Ğ´ĞµĞ½ÑŒ ğŸŒ±,"ĞŸÑ€ĞµĞºÑ€Ğ°ÑĞ½Ñ‹Ğ¹ Ğ´ĞµĞ½ÑŒ Ğ´Ğ»Ñ Ğ²Ğ°Ñ, Ñ‡Ñ‚Ğ¾Ğ±Ñ‹ ÑĞ¿Ğ°ÑÑ‚Ğ¸ Ğ—ĞµĞ¼Ğ»Ñ, Ğ¸ Ñ‡Ñ‚Ğ¾Ğ±Ñ‹ Ğ¼Ñ‹ Ğ¿Ğ¾ÑĞ»Ğ°Ğ»Ğ¸ Ğ²Ğ°Ğ¼ ĞŸĞ¾Ğ´Ğ°Ñ€ĞºĞ¸ ğŸ",ğŸŒ± ĞĞµ Ğ¿Ñ€Ğ¾Ğ¿ÑƒÑÑ‚Ñ–Ñ‚ÑŒ Ñ†ĞµĞ¹ Ğ´ĞµĞ½ÑŒ ğŸŒ±,"Ğ§ÑƒĞ´Ğ¾Ğ²Ğ¸Ğ¹ Ğ´ĞµĞ½ÑŒ Ğ´Ğ»Ñ Ñ‚Ğ¾Ğ³Ğ¾, Ñ‰Ğ¾Ğ± Ğ²Ğ¸ Ğ²Ñ€ÑÑ‚ÑƒĞ²Ğ°Ğ»Ğ¸ Ğ—ĞµĞ¼Ğ»Ñ, Ğ° Ğ¼Ğ¸ Ğ²Ñ–Ğ´Ğ¿Ñ€Ğ°Ğ²Ğ¸Ğ»Ğ¸ Ğ²Ğ°Ğ¼ ĞŸĞ¾Ğ´Ğ°Ñ€ÑƒĞ½ĞºĞ¸ ğŸ",ğŸŒ± Verpasse diesen Tag nicht ğŸŒ±,"Ein wundervoller Tag fÃ¼r Sie, um die Erde zu retten und fÃ¼r uns, Ihnen Geschenke zu schicken ğŸ",ğŸŒ± Ne manquez pas cette journÃ©e ğŸŒ±,"Une merveilleuse journÃ©e pour vous de sauver la Terre, et pour nous de vous envoyer des cadeaux ğŸ",,,,,,,,,,,,,,,,,,
4,21,70%,Earth Day!,20h,ğŸƒâ€â™‚ï¸ HURRY UP! We're about to CLOSE ALL DEALS,Get your COUPON right now! ğŸ‘‰,ğŸƒâ€â™‚ï¸ Â¡PRISA! Estamos a punto de CERRAR TODAS LAS OFERTAS,Â¡Obtenga su CUPÃ“N ahora mismo! ğŸ‘‰,ğŸƒâ€â™‚ï¸ Apresse-se! Estamos prestes a FECHAR TODOS OS NEGÃ“CIOS,Pegue seu CUPOM agora mesmo! ğŸ‘‰,ğŸƒâ€â™‚ï¸ Ğ¡ĞŸĞ•Ğ¨Ğ˜Ğ¢Ğ•! ĞœÑ‹ ÑĞ¾Ğ±Ğ¸Ñ€Ğ°ĞµĞ¼ÑÑ Ğ—ĞĞšĞ Ğ«Ğ¢Ğ¬ Ğ’Ğ¡Ğ• Ğ¡Ğ”Ğ•Ğ›ĞšĞ˜,ĞŸĞ¾Ğ»ÑƒÑ‡Ğ¸Ñ‚Ğµ ÑĞ²Ğ¾Ğ¹ ĞšĞ£ĞŸĞĞ Ğ¿Ñ€ÑĞ¼Ğ¾ ÑĞµĞ¹Ñ‡Ğ°Ñ! ğŸ‘‰,ğŸƒâ€â™‚ï¸ ĞŸĞĞ¡ĞŸĞ†Ğ¨Ğ†Ğ¢Ğ¬! ĞœĞ¸ Ğ·Ğ±Ğ¸Ñ€Ğ°Ñ”Ğ¼Ğ¾ÑÑ Ğ—ĞĞšĞ Ğ†Ğ¢Ğ˜ Ğ’Ğ¡Ğ† ĞŸĞ ĞĞ“Ğ ĞĞœĞ˜,ĞÑ‚Ñ€Ğ¸Ğ¼Ğ°Ğ¹Ñ‚Ğµ ÑĞ²Ñ–Ğ¹ ĞšĞ£ĞŸĞĞ Ğ¿Ñ€ÑĞ¼Ğ¾ Ğ·Ğ°Ñ€Ğ°Ğ·! ğŸ‘‰,"ğŸƒâ€â™‚ï¸ Beeil dich! Wir sind dabei, ALLE ANGEBOTE ZU SCHLIESSEN",Holen Sie sich jetzt Ihren GUTSCHEIN! ğŸ‘‰,ï¸ğŸƒâ€â™‚ï¸ DÃ‰PÃŠCHEZ-VOUS ! Nous sommes sur le point de FERMER TOUTES LES OFFRES,Obtenez votre COUPON dÃ¨s maintenant! ğŸ‘‰,,,,,,,,,,,,,,,,,,
4,22,70%,Earth Day!,9h,âŒ YOU HAVE ONE LAST CHANCE!!!,Open to catch your Flash Sale ğŸ‘‰,âŒ TIENE UNA ÃšLTIMA OPORTUNIDAD !!!,Abierto para atrapar su venta flash ğŸ‘‰,âŒ VOCÃŠ TEM UMA ÃšLTIMA OPORTUNIDADE !!!,Abra para pegar sua venda relÃ¢mpago ğŸ‘‰,âŒ Ğ£ Ğ’ĞĞ¡ Ğ•Ğ¡Ğ¢Ğ¬ ĞĞ”Ğ˜Ğ ĞŸĞĞ¡Ğ›Ğ•Ğ”ĞĞ˜Ğ™ Ğ¨ĞĞĞ¡ !!!,"ĞÑ‚ĞºÑ€Ğ¾Ğ¹Ñ‚Ğµ, Ñ‡Ñ‚Ğ¾Ğ±Ñ‹ Ğ¿Ğ¾Ğ¹Ğ¼Ğ°Ñ‚ÑŒ Ğ²Ğ°ÑˆÑƒ Ñ„Ğ»ĞµÑˆ-Ñ€Ğ°ÑĞ¿Ñ€Ğ¾Ğ´Ğ°Ğ¶Ñƒ ğŸ‘‰",âŒ Ğ£ Ğ’ĞĞ¡ Ğ„ ĞĞ¡Ğ¢ĞĞĞĞ†Ğ™ Ğ¨ĞĞĞ¡!!!,Ğ’Ñ–Ğ´ĞºÑ€Ğ¸Ğ¹Ñ‚Ğµ Ğ´Ğ»Ñ ÑĞµĞ±Ğµ Ñ„Ğ»ĞµÑˆ-Ñ€Ğ¾Ğ·Ğ¿Ñ€Ğ¾Ğ´Ğ°Ğ¶ ğŸ‘‰,âŒ DU HAST EINE LETZTE CHANCE!!!,"Ã–ffnen Sie, um Ihren Flash-Sale zu fangen ğŸ‘‰",âŒ VOUS AVEZ UNE DERNIÃˆRE CHANCE !!!,Ouvert pour profiter de votre Vente Flash ğŸ‘‰,,,,,,,,,,,,,,,,,,
4,22,70%,Earth Day!,15h,The Last Day To Get Your Gift ğŸ˜±ğŸ˜±,Don't miss this chance ğŸ‘‰,El Ãºltimo dÃ­a para recibir tu regalo ğŸ˜±ğŸ˜±,No pierdas esta oportunidad ğŸ‘‰,O Ãºltimo dia para receber seu presente ğŸ˜±ğŸ˜±,NÃ£o perca essa chance ğŸ‘‰,ĞŸĞ¾ÑĞ»ĞµĞ´Ğ½Ğ¸Ğ¹ Ğ´ĞµĞ½ÑŒ Ğ´Ğ»Ñ Ğ¿Ğ¾Ğ»ÑƒÑ‡ĞµĞ½Ğ¸Ñ Ğ¿Ğ¾Ğ´Ğ°Ñ€ĞºĞ° ğŸ˜±ğŸ˜±,ĞĞµ ÑƒĞ¿ÑƒÑÑ‚Ğ¸Ñ‚Ğµ ÑÑ‚Ğ¾Ñ‚ ÑˆĞ°Ğ½Ñ ğŸ‘‰,"ĞÑÑ‚Ğ°Ğ½Ğ½Ñ–Ğ¹ Ğ´ĞµĞ½ÑŒ, Ñ‰Ğ¾Ğ± Ğ¾Ñ‚Ñ€Ğ¸Ğ¼Ğ°Ñ‚Ğ¸ ÑĞ²Ñ–Ğ¹ Ğ¿Ğ¾Ğ´Ğ°Ñ€ÑƒĞ½Ğ¾Ğº ğŸ˜±ğŸ˜±",ĞĞµ Ğ¿Ñ€Ğ¾Ğ¿ÑƒÑÑ‚Ñ–Ñ‚ÑŒ Ñ†ĞµĞ¹ ÑˆĞ°Ğ½Ñ ğŸ‘‰,"Der letzte Tag, um dein Geschenk zu bekommen ğŸ˜±ğŸ˜±",Verpasse diese Chance nicht ğŸ‘‰,Le dernier jour pour recevoir votre cadeau,Ne manquez pas cette chance ğŸ‘‰,,,,,,,,,,,,,,,,,,
4,22,70%,Earth Day!,20h,â˜„ï¸â˜„ï¸ HURRY!! The Earth Day Sale Ending Soon,...and your Coupon will run out ğŸ˜±,â˜„ï¸â˜„ï¸ Â¡Â¡PRISA !! La oferta del DÃ­a de la Tierra finalizarÃ¡ pronto,... y tu CupÃ³n se acabarÃ¡ ğŸ˜±,â˜„ï¸â˜„ï¸ PRESSA !! A promoÃ§Ã£o do Dia da Terra acabarÃ¡ em breve,... e seu cupom vai acabar ğŸ˜±,â˜„ï¸â˜„ï¸ Ğ¡ĞŸĞ•Ğ¨Ğ˜Ğ¢Ğ• !! Ğ¡ĞºĞ¾Ñ€Ğ¾ Ğ·Ğ°ĞºĞ°Ğ½Ñ‡Ğ¸Ğ²Ğ°ĞµÑ‚ÑÑ Ñ€Ğ°ÑĞ¿Ñ€Ğ¾Ğ´Ğ°Ğ¶Ğ° Ğ² Ñ‡ĞµÑÑ‚ÑŒ Ğ”Ğ½Ñ Ğ—ĞµĞ¼Ğ»Ğ¸,... Ğ¸ Ğ²Ğ°Ñˆ ĞºÑƒĞ¿Ğ¾Ğ½ Ğ·Ğ°ĞºĞ¾Ğ½Ñ‡Ğ¸Ñ‚ÑÑ ğŸ˜±,â˜„ï¸â˜„ï¸ ĞŸĞĞ¡ĞŸĞ†Ğ¨ĞĞ™Ğ¢Ğ•!! Ğ Ğ¾Ğ·Ğ¿Ñ€Ğ¾Ğ´Ğ°Ğ¶ Ğ´Ğ¾ Ğ”Ğ½Ñ Ğ—ĞµĞ¼Ğ»Ñ– Ğ½ĞµĞ·Ğ°Ğ±Ğ°Ñ€Ğ¾Ğ¼ Ğ·Ğ°ĞºÑ–Ğ½Ñ‡Ğ¸Ñ‚ÑŒÑÑ,...Ñ– Ğ²Ğ°Ñˆ ĞºÑƒĞ¿Ğ¾Ğ½ Ğ·Ğ°ĞºÑ–Ğ½Ñ‡Ğ¸Ñ‚ÑŒÑÑ ğŸ˜±,â˜„ï¸â˜„ï¸ Eile!! Der Earth Day Sale endet bald,...und dein Coupon lÃ¤uft aus ğŸ˜±,ï¸â˜„ï¸ VITE !! La vente du Jour de la Terre se termine bientÃ´t,... et votre coupon sera Ã©puisÃ© ğŸ˜±,,,,,,,,,,,,,,,,,,
5,4,70%,Flash Sale 5:5,9h,ğŸ”¥HOTğŸ”¥ Flash Sale 5.5 -70%,Discount -70% For The Fastest! ğŸ‘‰,,,,,,,,,,,,,,,,,,,,,,,,,,,,,,
5,4,70%,Flash Sale 5:5,15h,ğŸ† BEST Offer in May ğŸ†,Tap here to receive the -70% Voucher ğŸ’¢,,,,,,,,,,,,,,,,,,,,,,,,,,,,,,
5,4,70%,Flash Sale 5:5,20h,ğŸ’¥DISCOUNT for First 100 PeopleğŸ’¥,Will you be the fastest one? ğŸ˜‰,,,,,,,,,,,,,,,,,,,,,,,,,,,,,,
5,5,70%,Flash Sale 5:5,9h,ğŸ”¥ ONLY chance to discount -70% ğŸ”¥,âœ”ï¸Check the coupons now,,,,,,,,,,,,,,,,,,,,,,,,,,,,,,
5,5,70%,Flash Sale 5:5,15h,ğŸ”¥ SALE OFF -70% ğŸ”¥,Hurry Up to Grab the DEAL ğŸ‘‰,,,,,,,,,,,,,,,,,,,,,,,,,,,,,,
5,5,70%,Flash Sale 5:5,20h,OOPS! Flash Sale 5:5 Ending Soon ğŸ˜±ğŸ˜±,DON'T MISS IT ğŸ‘‰,,,,,,,,,,,,,,,,,,,,,,,,,,,,,,
5,31,70%,"Happy Birthday, YuFace!",9h,ğŸ”” YuFace's Birthday is Coming ğŸ””,100 GIFT VOUCHER for the fastest ğŸ‘‰,,,,,,,,,,,,,,,,,,,,,,,,,,,,,,
5,31,70%,"Happy Birthday, YuFace!",15h,"ğŸ‰ Happy Birthday, YuFace! ğŸ‰ 100 COUPON -70% FOR YOU",ğŸ’Œ You are invited. Join our party now!,,,,,,,,,,,,,,,,,,,,,,,,,,,,,,
5,31,70%,"Happy Birthday, YuFace!",20h,ğŸ’¥[HOT] Grand New DISCOUNT for YuFace's BirthdayğŸ’¥ ,Hurry Up! Flash Sale ending soon ğŸ‘‰,,,,,,,,,,,,,,,,,,,,,,,,,,,,,,
6,6,70%,Flash Sale 6:6 ,9h,ğŸ“¢ ONLY 1 DAY - SALE 70% in 6/6 ğŸ“¢ ,Open to catch your Flash SaleğŸ‘‰,,,,,,,,,,,,,,,,,,,,,,,,,,,,,,
6,6,70%,Flash Sale 6:7,15h,ğŸ”¥ğŸ”¥ SALE OFF -70% ğŸ”¥ğŸ”¥ Don't miss the chance!                       ,Hurry Up to Grab the DEAL ğŸ‘‰,,,,,,,,,,,,,,,,,,,,,,,,,,,,,,
6,6,70%,Flash Sale 6:8,20h,OOPS! Flash Sale ending soon ğŸ˜±ğŸ˜±,Tap here to receive the -70% Voucher ğŸ’¢,,,,,,,,,,,,,,,,,,,,,,,,,,,,,,
6,26,70%,Flash Sale,9h,ğŸ SURPRISE!!! We Have A Special Gift For You! ğŸ’•,ğŸ“¦ Unbox your gift now,,,,,,,,,,,,,,,,,,,,,,,,,,,,,,
6,26,70%,Flash Sale,15h,âš ï¸ ATTENTION! SALE OFF -70% ,ONLY chance to discount -70% ğŸ”¥,,,,,,,,,,,,,,,,,,,,,,,,,,,,,,
6,26,70%,Flash Sale,20h,ğŸ”” FLASH SALE is about to end ğŸ””,ğŸƒâ€â™‚ï¸ HURRY UP to get one of the last -70% vouchers,,,,,,,,,,,,,,,,,,,,,,,,,,,,,,
7,7,70%,Flash Sale 7:7,9h,ğŸ“¢ ONLY 1 DAY - SALE 70% in 7/7 ğŸ“¢ ,"Catch it, catch it now ğŸ‘‰ğŸ¼",,,,,,,,,,,,,,,,,,,,,,,,,,,,,,
7,7,70%,Flash Sale 7:8,15h,ğŸ”¥ğŸ”¥ SALE OFF -70% ğŸ”¥ğŸ”¥ Join now!                       ,Hurry Up! Only 50 coupons left ğŸ‘‰,,,,,,,,,,,,,,,,,,,,,,,,,,,,,,
7,7,70%,Flash Sale 7:9,20h,ğŸ•› HURRRY! Flash Sale ending soon ,DON'T MISS IT ğŸ‘‰,,,,,,,,,,,,,,,,,,,,,,,,,,,,,,
7,16,70%,Happy Summer!,9h,ğŸ‰ HELLO SUMMER! 100 VOUCHERS are for you!,Get now ğŸ‘‰,,,,,,,,,,,,,,,,,,,,,,,,,,,,,,
7,16,70%,Happy Summer!,15h,ğŸŠ JOIN SALE PARTY to Get Your Gift ğŸŠ,Don't miss the chance ğŸ‘‰,,,,,,,,,,,,,,,,,,,,,,,,,,,,,,
7,16,70%,Happy Summer!,20h,Happy Summer! Happy Sale ğŸ’ƒğŸ’ƒğŸ’ƒ,-70% coupons waiting for you ğŸ‘‰,,,,,,,,,,,,,,,,,,,,,,,,,,,,,,
7,17,70%,Happy Summer!,9h,ğŸ˜ SUMMER coming ğŸ˜ SALE OFF -70%,66 COUPONS LEFT ğŸ˜±,,,,,,,,,,,,,,,,,,,,,,,,,,,,,,
7,17,70%,Happy Summer!,15h,ğŸŒˆ Don't Miss This Day ,âœ¨-70% for all users âœ¨,,,,,,,,,,,,,,,,,,,,,,,,,,,,,,
7,17,70%,Happy Summer!,20h,ğŸƒâ€â™‚ï¸ HURRY UP! We're about to CLOSE ALL DEALS,Only chance to discount -70% ğŸ‘‰,,,,,,,,,,,,,,,,,,,,,,,,,,,,,,
7,18,70%,Happy Summer!,9h,âŒ YOU HAVE ONE LAST CHANCE!!!,Get your COUPON before it disappears ğŸ‘‰,,,,,,,,,,,,,,,,,,,,,,,,,,,,,,
7,18,70%,Happy Summer!,15h,The Last Day To Get Your Gift ğŸ˜±ğŸ˜±,ğŸ‘†ğŸ‘† Tap to open it now ,,,,,,,,,,,,,,,,,,,,,,,,,,,,,,
7,18,70%,Happy Summer!,20h,ğŸ„ğŸ„ HURRY!! The Summer Sale Ending Soon,Catch it now ğŸ‘‰ğŸ¼,,,,,,,,,,,,,,,,,,,,,,,,,,,,,,
7,30,70%,Friendship Day,9h,ğŸ§‘â€ğŸ¤â€ğŸ§‘ [HOT] Friendship Day SALE -70% ğŸ§‘â€ğŸ¤â€ğŸ§‘,Let your friends see this ğŸ‘‰,,,,,,,,,,,,,,,,,,,,,,,,,,,,,,
7,30,70%,Friendship Day,15h,ONLY 50 Coupon Left ğŸ·ï¸ğŸ·ï¸ğŸ·ï¸,A -70% Coupon sent to your account ğŸ‘‰,,,,,,,,,,,,,,,,,,,,,,,,,,,,,,
7,30,70%,Friendship Day,20h,ğŸŒ» HURRY! Your Coupon -70% is waiting ğŸŒ»,Flash Sale ending soon ğŸ‘‰,,,,,,,,,,,,,,,,,,,,,,,,,,,,,,
8,3,70%,Back to School Sales,9h,ğŸ’ Back To School 2022 ğŸ’ BIG SALE 70%,ğŸ·ï¸ 100 VOUCHERS are prepared for you,,,,,,,,,,,,,,,,,,,,,,,,,,,,,,
8,3,70%,Back to School Sales,15h,ğŸŠ JOIN NOW to Get Your Gift ğŸŠ,ONLY chance to discount -70% ğŸ”¥,,,,,,,,,,,,,,,,,,,,,,,,,,,,,,
8,3,70%,Back to School Sales,20h,ğŸ¤“ Special GIFTS for only STUDENTS ,ğŸ‘“ Check carrefully to find your COUPON,,,,,,,,,,,,,,,,,,,,,,,,,,,,,,
8,4,70%,Back to School Sales,9h,ğŸ‘‘ 1ST SCHOOL DAY ğŸ‘‘ SALE OFF -70%,ğŸŠ Are you ready to get your COUPON?,,,,,,,,,,,,,,,,,,,,,,,,,,,,,,
8,4,70%,Back to School Sales,15h,ğŸŒˆ Don't Miss This Day ,Discount -70% For The Fastest! ğŸ‘‰,,,,,,,,,,,,,,,,,,,,,,,,,,,,,,
8,4,70%,Back to School Sales,20h,ğŸƒâ€â™‚ï¸ HURRY UP! We're about to CLOSE ALL DEALS,...and your Coupon will run out ğŸ˜±,,,,,,,,,,,,,,,,,,,,,,,,,,,,,,
8,5,70%,Back to School Sales,9h,âŒ YOU HAVE ONE LAST CHANCE!!!,Hurry Up to Grab the DEAL ğŸ‘‰,,,,,,,,,,,,,,,,,,,,,,,,,,,,,,
8,5,70%,Back to School Sales,15h,The Last Day To Get Your Gift ğŸ˜±ğŸ˜±,Tap here to receive the -70% Voucher ğŸ’¢,,,,,,,,,,,,,,,,,,,,,,,,,,,,,,
8,5,70%,Back to School Sales,20h,ğŸ”¥ HURRY!! The Sale Off Day Ending Soon,ğŸ§¨ğŸ§¨ğŸ§¨ Time is running out,,,,,,,,,,,,,,,,,,,,,,,,,,,,,,
8,20,70%,Big Sale August,9h,ğŸ”¥ BIG SALE ğŸ”¥ ONLY 100 CouponsğŸ·ï¸,Just for the fastest ğŸ’¸ğŸ’¸,,,,,,,,,,,,,,,,,,,,,,,,,,,,,,
8,20,70%,Big Sale August,15h,ğŸ’¥DISCOUNT for First 100 PeopleğŸ’¥,Don't miss this chance ğŸ‘‰,,,,,,,,,,,,,,,,,,,,,,,,,,,,,,
8,20,70%,Big Sale August,20h,ğŸ”¥ğŸ”¥ SALE OFF -70% ğŸ”¥ğŸ”¥,Check your Voucher now ğŸ‘‰,,,,,,,,,,,,,,,,,,,,,,,,,,,,,,
8,21,70%,Big Sale August,9h,ğŸ‘‘ AUGUST SALE ğŸ‘‘ 49 COUPONS left,You should open to CATCH IT NOW ğŸ‘‰,,,,,,,,,,,,,,,,,,,,,,,,,,,,,,
8,21,70%,Big Sale August,15h,ğŸŒˆ Don't Miss This Day ,ğŸ’¸ The biggest DEAL for you in August ğŸ’¸,,,,,,,,,,,,,,,,,,,,,,,,,,,,,,
8,21,70%,Big Sale August,20h,ğŸ“¢ HURRY UP! We're about to CLOSE ALL DEALS,ğŸ”‘ Open and get it now,,,,,,,,,,,,,,,,,,,,,,,,,,,,,,
8,22,70%,Big Sale August,9h,âŒ YOU HAVE ONE LAST CHANCE!!!,ğŸƒâ€â™‚ï¸ HURRY UP to get one of the last -70% vouchers,,,,,,,,,,,,,,,,,,,,,,,,,,,,,,
8,22,70%,Big Sale August,15h,The Last Day To Get Your Gift ğŸ˜±ğŸ˜±,"ğŸ•’ The gift is still waiting, HURRY UP!",,,,,,,,,,,,,,,,,,,,,,,,,,,,,,
8,22,70%,Big Sale August,20h,ğŸ”¥ HURRY!! The August Sale Ending Soon,DON'T MISS IT ğŸ‘‰,,,,,,,,,,,,,,,,,,,,,,,,,,,,,,
9,9,70%,Flash Sale 9:9,9h,ğŸ“¢ FLASH SALE ğŸ“¢ Happy 9.9!,ğŸ˜ The ONLY CHANCE to discount -70%,,,,,,,,,,,,,,,,,,,,,,,,,,,,,,
9,9,70%,Flash Sale 9:9,15h,ğŸ”¥ğŸ”¥ SALE OFF -70% ğŸ”¥ğŸ”¥ Join now!                       ,Take your chance ğŸ‘‰,,,,,,,,,,,,,,,,,,,,,,,,,,,,,,
9,9,70%,Flash Sale 9:9,20h,ğŸ•› HURRRY! Flash Sale ending soon ,Join now ğŸ‘‰,,,,,,,,,,,,,,,,,,,,,,,,,,,,,,
9,27,70%,Goodbye September!,9h,ğŸ‚ Goodbye September - Hello Super Sale,We have a surprise for you ğŸ‘‰,,,,,,,,,,,,,,,,,,,,,,,,,,,,,,
9,27,70%,Goodbye September!,15h,ğŸ”¥HOTğŸ”¥ 150 Vouchers on the last days of September,Get now ğŸ‘‰,,,,,,,,,,,,,,,,,,,,,,,,,,,,,,
9,27,70%,Goodbye September!,20h,ğŸ”¥ğŸ”¥ SALE OFF -70% ğŸ”¥ğŸ”¥,Only the fastest can join ğŸ”¥ğŸ”¥,,,,,,,,,,,,,,,,,,,,,,,,,,,,,,
9,28,70%,Goodbye September!,9h,ğŸ’¥ HURRY UP ğŸ’¥ 71 COUPONS left,Check your Voucher now ğŸ‘‰,,,,,,,,,,,,,,,,,,,,,,,,,,,,,,
9,28,70%,Goodbye September!,15h,ğŸ’Œ You have a message,ğŸ‘†ğŸ‘† Tap to open it now ,,,,,,,,,,,,,,,,,,,,,,,,,,,,,,
9,28,70%,Goodbye September!,20h,ğŸ“¢ HURRY UP! We're about to CLOSE ALL DEALS,ğŸ”‘ Open and get it now,,,,,,,,,,,,,,,,,,,,,,,,,,,,,,
9,29,70%,Goodbye September!,9h,ğŸ˜± 29 COUPONS LEFT ğŸ˜±,Will you receive it in time? ğŸ•›,,,,,,,,,,,,,,,,,,,,,,,,,,,,,,
9,29,70%,Goodbye September!,15h,ğŸ”” DON'T FORGET to receive your coupon,17 COUPONS LEFT ğŸ˜±,,,,,,,,,,,,,,,,,,,,,,,,,,,,,,
9,29,70%,Goodbye September!,20h,ğŸ•› HURRRY! The Sale Day ending soon!,DON'T MISS IT ğŸ‘‰,,,,,,,,,,,,,,,,,,,,,,,,,,,,,,
9,30,70%,Goodbye September!,9h,âŒ YOU HAVE ONE LAST CHANCE!!!,ğŸ“… Today is the last day to get you COUPON,,,,,,,,,,,,,,,,,,,,,,,,,,,,,,
9,30,70%,Goodbye September!,15h,The Last Day To Get Your Gift ğŸ˜±ğŸ˜±,Hurry Up to Grab the DEAL ğŸ‘‰,,,,,,,,,,,,,,,,,,,,,,,,,,,,,,
9,30,70%,Goodbye September!,20h,ğŸ’¥September Sale ending in hours ğŸ˜±ğŸ˜±,Get your COUPON before it disappears ğŸ‘‰,,,,,,,,,,,,,,,,,,,,,,,,,,,,,,
10,10,70%,Flash Sale 10:10,9h,ğŸ“¢ FLASH SALE ğŸ“¢ Happy 10.10!,Discount -70% For The Fastest! ğŸ‘‰,,,,,,,,,,,,,,,,,,,,,,,,,,,,,,
10,10,70%,Flash Sale 10:10,15h,ğŸ·ï¸ 100 VOUCHER -70% for the fastest ğŸ·ï¸,ğŸ”¥ Will you be the winner? ,,,,,,,,,,,,,,,,,,,,,,,,,,,,,,
10,10,70%,Flash Sale 10:10,20h,ğŸ•› HURRRY! Flash Sale ending soon ,Grab your offer now ğŸ‘‰,,,,,,,,,,,,,,,,,,,,,,,,,,,,,,
10,30,70%,Happy Halloween!,9h,ğŸ’¥[SHOCK]  HALLOWEEN SALE -70%ğŸ’¥,"Catch it, catch it NOW ğŸ‘»ğŸ‘‰",ğŸ’¥ [SHOCK] REBAJAS DE HALLOWEEN -70% ğŸ’¥,"CÃ³mpralo, cÃ³mpralo AHORA ğŸ‘‰",ğŸ’¥ [SHOCK] VENDA DE HALLOWEEN -70% ğŸ’¥,"Pegue, pegue AGORA ğŸ‘»ğŸ‘‰",ğŸ’¥ [HOT] Ğ ĞĞ¡ĞŸĞ ĞĞ”ĞĞ–Ğ ĞĞ Ğ¥Ğ­Ğ›Ğ›ĞĞ£Ğ˜Ğ -70% ğŸ’¥,ĞšÑƒĞ¿Ğ¸Ñ‚ÑŒ ÑĞµĞ¹Ñ‡Ğ°Ñ ğŸ‘»ğŸ‘‰,,,,,,,,,,,,,,,,,,,,,,,,
10,30,70%,Happy Halloween!,15h,ğŸ’¥[HOT] Mega discount. HURRY UPâ—â—,ğŸ”¥ Halloween price cut -70% ğŸ”¥,ğŸ’¥ [HOT] Mega descuento. DATE PRISA â—â—,ğŸ”¥ Halloween descuento -70% ğŸ”¥,ğŸ’¥ [HOT] Mega desconto. SE APRESSEâ—â—,ğŸ”¥ Grande promoÃ§Ã£o de Halloween -70% ğŸ”¥,ğŸ’¥ [HOT] ĞœĞµĞ³Ğ° ÑĞºĞ¸Ğ´ĞºĞ°. Ğ¢ĞĞ ĞĞŸĞ˜Ğ¢Ğ¬Ğ¡Ğ¯â—â—,ğŸ”¥ Ğ¡ĞºĞ¸Ğ´ĞºĞ° Ğ½Ğ° Ğ¥ÑĞ»Ğ»Ğ¾ÑƒĞ¸Ğ½ -70% ğŸ”¥,,,,,,,,,,,,,,,,,,,,,,,,
10,30,70%,Happy Halloween!,20h,ğŸ”¥ğŸ”¥ SALE OFF -70% ğŸ”¥ğŸ”¥                        ,ğŸ’£Limited time only. HURRY UPğŸ’¥ğŸ’¥,ğŸ”¥ğŸ”¥ DESCUENTO -70% ğŸ”¥ğŸ”¥,"ğŸ’£Tiempo limitado solo, DATE PRISAğŸ’¥ğŸ’¥",ğŸ”¥ğŸ”¥ LIQUIDAÃ‡ÃƒO -70% ğŸ”¥ğŸ”¥,ğŸ’£Apenas tempo limitado. APRESSE-SEğŸ’¥ğŸ’¥,ğŸ”¥ğŸ”¥ Ğ¡ĞšĞ˜Ğ”ĞšĞ -70% ğŸ”¥ğŸ”¥,ğŸ’£ Ğ¢Ğ¾Ğ»ÑŒĞºĞ¾ Ğ¾Ğ³Ñ€Ğ°Ğ½Ğ¸Ñ‡ĞµĞ½Ğ½Ğ¾Ğµ Ğ²Ñ€ĞµĞ¼Ñ. Ğ¢ĞĞ ĞĞŸĞ˜Ğ¢Ğ¬Ğ¡Ğ¯ğŸ’¥ğŸ’¥,,,,,,,,,,,,,,,,,,,,,,,,
10,31,70%,Happy Halloween!,9h,ğŸ”¥[HOT] HALLOWEEN SALE ğŸ”¥,Knock down price -70% ğŸ˜±ğŸ˜±,ğŸ”¥ [HOT] REBAJAS DE HALLOWEEN ğŸ”¥,Derribar precio -70% ğŸ˜±ğŸ˜±,ğŸ”¥ [HOT] PROMOÃ‡ÃƒO DE HALLOWEEN ğŸ”¥,Melhor preÃ§o -70% ğŸ˜±ğŸ˜±,ğŸ”¥ [HOT] Ğ ĞĞ¡ĞŸĞ ĞĞ”ĞĞ–Ğ ĞĞ Ğ¥Ğ­Ğ›Ğ›ĞĞ£Ğ˜Ğ ğŸ”¥,Ğ¦ĞµĞ½Ğ° Ğ½Ğ¾ĞºĞ´Ğ°ÑƒĞ½Ğ° -70% ğŸ˜±ğŸ˜±,,,,,,,,,,,,,,,,,,,,,,,,
10,31,70%,Happy Halloween!,15h,ğŸ’¥ Halloween Sale ending soon ğŸƒğŸƒ,HURRY UP ğŸ”¥ğŸ”¥,ğŸ’¥Descuento de Halloween termina pronto ğŸƒğŸƒ,Â¡DATE PRISA! ğŸ”¥ğŸ”¥,ğŸ’¥ PromoÃ§Ã£o -70% termina em breve ğŸƒğŸƒ,SE APRESSE ğŸ”¥ğŸ”¥,ğŸ’¥ Ğ¡ÑƒĞ¿ĞµÑ€ Ñ€Ğ°ÑĞ¿Ñ€Ğ¾Ğ´Ğ°Ğ¶Ğ° ÑĞºĞ¾Ñ€Ğ¾ Ğ·Ğ°ĞºĞ¾Ğ½Ñ‡Ğ¸Ñ‚ÑÑ ğŸƒğŸƒ,Ğ¢ĞĞ ĞĞŸĞ˜Ğ¢Ğ¬Ğ¡Ğ¯ ğŸ”¥ğŸ”¥,,,,,,,,,,,,,,,,,,,,,,,,
10,31,70%,Happy Halloween!,20h,ğŸ’¥Halloween Sale ending in hours ğŸ˜±ğŸ˜±,DON'T MISS IT ğŸ‘»ğŸ‘‰,ğŸ’¥Venta de Halloween termina en horas ğŸ˜±ğŸ˜±,NO TE LO PIERDAS ğŸ‘»ğŸ‘‰,ğŸ’¥ Desconto que termina em horas ğŸ˜±ğŸ˜±,NÃƒO PERCA ğŸ‘»ğŸ‘‰,ğŸ’¥Ğ¡ĞºĞ¸Ğ´ĞºĞ° Ğ·Ğ°ĞºĞ°Ğ½Ñ‡Ğ¸Ğ²Ğ°ĞµÑ‚ÑÑ Ğ² Ñ‡Ğ°ÑĞ°Ñ… ğŸ˜±ğŸ˜±,ĞĞ• ĞŸĞ ĞĞŸĞ£Ğ¡Ğ¢Ğ˜Ğ¢Ğ• ğŸ‘»ğŸ‘‰,,,,,,,,,,,,,,,,,,,,,,,,
11,11,70%,Happy Singles' Day!,9h,ğŸ’¥[HOT] Happy Singles Day! SALE -70%ğŸ’¥,"Catch it, catch it NOW ğŸ‘‰",ğŸ’¥ [HOT] Â¡Feliz dÃ­a de los solteros! REBAJAS -70%ğŸ’¥,"CÃ³mpralo, cÃ³mpralo AHORA ğŸ‘‰",ğŸ’¥ [HOT] Feliz Dia dos Solteiros! LIQUIDAÃ‡ÃƒO -70% ğŸ’¥,"Pegue, pegue AGORA ğŸ‘‰",ğŸ’¥ [HOT] Ğ¡ Ğ”Ğ½ĞµĞ¼ Ñ…Ğ¾Ğ»Ğ¾ÑÑ‚ÑĞºĞ¾Ğ²! Ğ¡ĞšĞ˜Ğ”ĞšĞ -70% ğŸ’¥,ĞšÑƒĞ¿Ğ¸Ñ‚ÑŒ ÑĞµĞ¹Ñ‡Ğ°Ñ ğŸ‘‰,,,,,,,,,,,,,,,,,,,,,,,,
11,11,70%,Happy Singles' Day!,15h,ğŸ”¥ğŸ”¥ [HOT] FLASH SALE -70% ğŸ”¥ğŸ”¥,Happy Singles Day! Love yourself first â¤ï¸,ğŸ”¥ğŸ”¥ [HOT] OFERTA FLASH -70% ğŸ”¥ğŸ”¥,Â¡Feliz dÃ­a de los solteros! Ãmate a ti mismo â¤ï¸,ğŸ”¥ğŸ”¥ [HOT] LIQUIDAÃ‡ÃƒO -70% ğŸ”¥ğŸ”¥,Feliz Dia dos Solteiros! Ame-se primeiroâ¤ï¸,ğŸ”¥ğŸ”¥ [HOT] Ğ¡ĞšĞ˜Ğ”ĞšĞ -70% ğŸ”¥ğŸ”¥,Ğ¡ Ğ”Ğ½ĞµĞ¼ Ñ…Ğ¾Ğ»Ğ¾ÑÑ‚ÑĞºĞ¾Ğ²! Ğ›ÑĞ±Ğ¸ Ğ² Ğ¿ĞµÑ€Ğ²ÑƒÑ Ğ¾Ñ‡ĞµÑ€ĞµĞ´ÑŒ ÑĞµĞ±Ñ â¤ï¸,,,,,,,,,,,,,,,,,,,,,,,,
11,11,70%,Happy Singles' Day!,20h,ğŸ’¥ OOPS! Flash Sale ending soon ğŸ˜±ğŸ˜±,HURRY UPPP ğŸ”¥ğŸ”¥ğŸ”¥,ğŸ’¥ Venta flash que terminarÃ¡ pronto ğŸ˜±ğŸ˜±,Â¡DATE PRISA! ğŸ”¥ğŸ”¥,ğŸ’¥ LiquidaÃ§Ã£o que acabarÃ¡ em breve ğŸ˜±ğŸ˜±,SE APRESSE ğŸ”¥ğŸ”¥,ğŸ’¥Flash Ğ¡ĞºĞ¸Ğ´ĞºĞ° ÑĞºĞ¾Ñ€Ğ¾ Ğ·Ğ°ĞºĞ¾Ğ½Ñ‡Ğ¸Ñ‚ÑÑ ğŸ˜±ğŸ˜±,Ğ¢ĞĞ ĞĞŸĞ˜Ğ¢Ğ¬Ğ¡Ğ¯ ğŸ”¥ğŸ”¥,,,,,,,,,,,,,,,,,,,,,,,,
11,26,70%,Black Friday,9h,ğŸ’¥ BLACK FRIDAY SALE -70% ğŸ’¥,ONLY CHANCE TODAY IN YEAR âš¡ï¸,ğŸ’¥ OFERTA BLACK FRIDAY -70% ğŸ’¥,SOLO OPORTUNIDAD HOY EN AÃ‘O âš¡ï¸,ğŸ’¥ VENDA BLACK FRIDAY -70% ğŸ’¥,SÃ“ CHANCE HOJE NO ANO âš¡ï¸,ğŸ’¥ ĞĞšĞ¦Ğ˜Ğ¯ BLACK FRIDAY -70% ğŸ’¥,Ğ¢ĞĞ›Ğ¬ĞšĞ Ğ¨ĞĞĞ¡ Ğ¡Ğ•Ğ“ĞĞ”ĞĞ¯ Ğ’ Ğ“ĞĞ”Ğ£ âš¡ï¸,ğŸ’¥ BLACK FRIDAY Ğ ĞĞ—ĞŸĞ ĞĞ”ĞĞ– -70% ğŸ’¥,Ğ¢Ğ†Ğ›Ğ¬ĞšĞ˜ Ğ¨ĞĞĞ¡ Ğ¡Ğ¬ĞĞ“ĞĞ”ĞĞ† ĞĞ Ğ Ğ†Ğš âš¡ï¸,ğŸ’¥ BLACK FRIDAY VERKAUF -70% ğŸ’¥,NUR HEUTE IM JAHR ï¸âš¡ï¸,ğŸ’¥ BLACK FRIDAY VENTE -70% ğŸ’¥,SEULEMENT CHANCE AUJOURD'HUI DANS L'ANNEE âš¡ï¸,ğŸ’¥ BLACK FRIDAY DIJUAL -70% ğŸ’¥,HANYA KESEMPATAN HARI INI DI TAHUN âš¡ï¸ ï¸,ğŸ’¥ BLACK FRIDAY ì„¸ì¼ -70% ğŸ’¥,ì˜¬í•´ ë‹¨ í•œë²ˆì˜ ê¸°íšŒ âš¡ï¸,ğŸ’¥ BLACK FRIDAY GIáº¢M -70% ğŸ’¥,CÆ  Há»˜I DUY NHáº¤T TRONG NÄ‚M NAY âš¡ï¸,ğŸ’¥ BLACK FRIDAY ã‚»ãƒ¼ãƒ«-70ï¼… ğŸ’¥,ä»Šå¹´ã®å”¯ä¸€ã®æ©Ÿä¼šï¸ âš¡ï¸,ğŸ’¥ BLACK FRIDAY VENDITA -70% ğŸ’¥,UNICA OCCASIONE QUEST'ANNO ï¸âš¡ï¸,ğŸ’¥ BLACK FRIDAY à¤¬à¤¿à¤•à¥à¤°à¥€ -70% ğŸ’¥,à¤‡à¤¸ à¤µà¤°à¥à¤· à¤•à¥‡à¤µà¤² à¤…à¤µà¤¸à¤° âš¡ï¸,ğŸ’¥ BLACK FRIDAY à¸¥à¸”à¸£à¸²à¸„à¸² -70% ğŸ’¥,à¹‚à¸­à¸à¸²à¸ªà¹€à¸”à¸µà¸¢à¸§à¹ƒà¸™à¸›à¸µà¸™à¸µà¹‰ ï¸âš¡ï¸,ğŸ’¥ BLACK FRIDAY JUALAN -70% ğŸ’¥,HANYA PELUANG TAHUN INI ï¸âš¡ï¸,ğŸ’¥ BLACK FRIDAY Ø¨ÙŠØ¹ -70Ùª ğŸ’¥,Ø§Ù„ÙØ±ØµØ© Ø§Ù„ÙˆØ­ÙŠØ¯Ø© Ù‡Ø°Ø§ Ø§Ù„Ø¹Ø§Ù… ï¸âš¡ï¸
11,26,70%,Black Friday,15h,âš¡ï¸ SALE OFF -70% BLACK FRIDAYYY âš¡ï¸,THE Thousand-Year OPPORTUNITY HAS 1 ğŸ‘‰,âš¡ï¸ REBAJAS -70% BLACK FRIDAY âš¡ï¸,LA OPORTUNIDAD DE MIL AÃ‘OS TIENE 1 ğŸ‘‰,âš¡ï¸ VENDA COM DESCONTO -70% BLACK FRIDAY âš¡ï¸,A OPORTUNIDADE de mil anos tem 1 ğŸ‘‰,âš¡ï¸ Ğ¡ĞšĞ˜Ğ”ĞšĞ -70% BLACK FRIDAY âš¡ï¸,Ğ¢Ñ‹ÑÑÑ‡ĞµĞ»ĞµÑ‚Ğ½ÑÑ Ğ’ĞĞ—ĞœĞĞ–ĞĞĞ¡Ğ¢Ğ¬ Ğ˜ĞœĞ•Ğ•Ğ¢ 1 ğŸ‘‰,âš¡ï¸ Ğ—ĞĞ˜Ğ–ĞšĞ -70% BLACK FRIDAYYY âš¡ï¸,ĞœĞĞ–Ğ›Ğ˜Ğ’ĞĞ¡Ğ¢Ğ† Ğ¢Ğ˜Ğ¡Ğ¯Ğ§Ğ•Ğ Ğ†Ğ§ĞĞ¯ ĞœĞĞ„ 1 ğŸ‘‰,âš¡ï¸ AUSVERKAUF -70% BLACK FRIDAYYY âš¡ï¸,DIE tausendjÃ¤hrige CHANCE HAT 1 ğŸ‘‰,âš¡ï¸ VENTE OFFERTE -70% BLACK FRIDAYYY âš¡ï¸,L'OCCASION millÃ©naire A 1 ğŸ‘‰,âš¡ï¸ DISKON PENJUALAN -70% BLACK FRIDAYYY âš¡ï¸,SATU-SATUNYA kesempatan langka ğŸ‘‰,âš¡ï¸ í• ì¸ -70% BLACK FRIDAYYY âš¡ï¸,ë‹¨ í•œë²ˆì˜ ê¸°íšŒ ğŸ‘‰,âš¡ï¸ SALE SHOCK -70% BLACK FRIDAYYY âš¡ï¸,CÆ¡ há»™i hiáº¿m cÃ³ DUY NHáº¤T ğŸ‘‰,âš¡ï¸ ã‚»ãƒ¼ãƒ«ã‚ªãƒ•-70ï¼… BLACK FRIDAYYY âš¡ï¸,å”¯ä¸€ã®ã¾ã‚Œãªæ©Ÿä¼šğŸ‘‰,âš¡ï¸ SALDI -70% BLACK FRIDAYYY âš¡ï¸,L'UNICA rara opportunitÃ  ğŸ‘‰,âš¡ï¸ à¤¬à¤¿à¤•à¥à¤°à¥€ à¤¬à¤‚à¤¦ -70% BLACK FRIDAYYY âš¡ï¸,à¤à¤•à¤®à¤¾à¤¤à¥à¤° à¤¦à¥à¤°à¥à¤²à¤­ à¤…à¤µà¤¸à¤° ğŸ‘‰,âš¡ï¸ à¸¥à¸”à¸à¸²à¸£à¸‚à¸²à¸¢ -70% BLACK FRIDAYYY âš¡ï¸,à¹‚à¸­à¸à¸²à¸ªà¹€à¸”à¸µà¸¢à¸§à¸—à¸µà¹ˆà¸«à¸²à¸¢à¸²à¸ ğŸ‘‰,âš¡ï¸ JUALAN DISKAUN -70% BLACK FRIDAYYY âš¡ï¸,SATU-SATUNYA peluang yang jarang berlaku ğŸ‘‰, Ø¨ÙŠØ¹ Ø®ØµÙ… -70Ùªâš¡ï¸ BLACK FRIDAYYY âš¡ï¸,Ø§Ù„ÙØ±ØµØ© Ø§Ù„Ù†Ø§Ø¯Ø±Ø© Ø§Ù„ÙˆØ­ÙŠØ¯Ø© ğŸ‘‰
11,26,70%,Black Friday,20h,ğŸ“¢ BLACK FRIDAY -70% OFF ğŸ‘‘ğŸ‘‘,HURRY UP! SUPER SALE ENDING SOON! ğŸ‘‡ğŸ»ğŸ‘‡ğŸ»,ğŸ“¢ BLACK FRIDAY -70% DE DESCUENTO ğŸ‘‘ğŸ‘‘,Â¡DARSE PRISA! LA SUPER OFERTA TERMINARÃ PRONTO ğŸ‘‡ğŸ»ğŸ‘‡ğŸ»,ğŸ“¢ BLACK FRIDAY -70% OFF ğŸ‘‘ğŸ‘‘,SE APRESSE! SUPER VENDA TERMINANDO EM BREVE! ğŸ‘‡ğŸ»ğŸ‘‡ğŸ»,ğŸ“¢ BLACK FRIDAY -70% Ğ¡ĞšĞ˜Ğ”ĞšĞ ğŸ‘‘ğŸ‘‘,Ğ¢ĞĞ ĞĞŸĞ˜Ğ¢Ğ¬Ğ¡Ğ¯! Ğ¡Ğ£ĞŸĞ•Ğ  ĞŸĞ ĞĞ”ĞĞ–Ğ Ğ¡ĞšĞĞ Ğ Ğ—ĞĞ’Ğ•Ğ Ğ¨ĞĞ•Ğ¢Ğ¡Ğ¯! ğŸ‘‡ğŸ»ğŸ‘‡ğŸ»,ğŸ“¢ BLACK FRIDAY -70% Ğ—ĞĞ˜Ğ–ĞšĞ ğŸ‘‘ğŸ‘‘,ĞŸĞĞ¡ĞŸĞ†Ğ¨ĞĞ™! Ğ¡Ğ£ĞŸĞ•Ğ  Ğ ĞĞ—ĞŸĞ ĞĞ”ĞĞ– Ğ¡ĞšĞĞ Ğ Ğ—ĞĞ’Ğ•Ğ Ğ¨Ğ•ĞĞĞ¯! ğŸ‘‡ğŸ»ğŸ‘‡ğŸ»,ğŸ“¢ BLACK FRIDAY -70% RABATTğŸ‘‘ğŸ‘‘,BEEIL DICH! SUPERVERKAUF ENDE BALD! ğŸ‘‡ğŸ»ğŸ‘‡ğŸ»,ğŸ“¢ BLACK FRIDAY -70% de rÃ©duction ğŸ‘‘ğŸ‘‘,DÃ‰PÃŠCHEZ-VOUS! SUPER VENTE FINISSANT BIENTT ! ğŸ‘‡ğŸ»ğŸ‘‡ğŸ»,ğŸ“¢ BLACK FRIDAY -70% OFF ğŸ‘‘ğŸ‘‘,PERCEPAT! PENJUALAN SUPER SEGERA BERAKHIR! ğŸ‘‡ğŸ»ğŸ‘‡ğŸ»,ğŸ“¢ BLACK FRIDAY -70% í• ì¸ ğŸ‘‘ğŸ‘‘,ì„œë‘˜ëŸ¬ ìš”! ìŠˆí¼ ì„¸ì¼ì´ ê³§ ì¢…ë£Œë©ë‹ˆë‹¤! ğŸ‘‡ğŸ»ğŸ‘‡ğŸ»,ğŸ“¢ BLACK FRIDAY - GIáº¢M NGAY 70% ğŸ‘‘ğŸ‘‘,NHANH TAY TRÆ¯á»šC KHI Æ¯U ÄÃƒI Háº¾T Háº N ğŸ‘‡ğŸ»ğŸ‘‡ğŸ»,ğŸ“¢ BLACK FRIDAY ä»Šãªã‚‰70ï¼…ã‚ªãƒ• ğŸ‘‘ğŸ‘‘,æ€¥ã’ï¼ ã‚¹ãƒ¼ãƒ‘ãƒ¼ã‚»ãƒ¼ãƒ«çµ‚äº†é–“è¿‘ï¼ ğŸ‘‡ğŸ»ğŸ‘‡ğŸ»,ğŸ“¢ BLACK FRIDAY -70% DI SCONTO ğŸ‘‘ğŸ‘‘,AFFRETTARSI! SUPER SALDI IN SCADENZA! ğŸ‘‡ğŸ»ğŸ‘‡ğŸ»,ğŸ“¢ BLACK FRIDAY -70% OFF ğŸ‘‘ğŸ‘‘,à¤œà¤²à¥à¤¦à¥€ à¤¸à¥‡! à¤¸à¥à¤ªà¤° à¤¸à¥‡à¤² à¤œà¤²à¥à¤¦ à¤–à¤¤à¥à¤® à¤¹à¥‹ à¤°à¤¹à¥€ à¤¹à¥ˆ! à¤®à¥ˆà¤‚ ğŸ‘‡ğŸ»ğŸ‘‡ğŸ»,ğŸ“¢ BLACK FRIDAY à¸¥à¸” 70% ğŸ‘‘ğŸ‘‘,à¸£à¸µà¸šà¸‚à¸¶à¹‰à¸™! SUPER SALE à¹ƒà¸à¸¥à¹‰à¸ˆà¸°à¸ªà¸´à¹‰à¸™à¸ªà¸¸à¸”à¹à¸¥à¹‰à¸§! ğŸ‘‡ğŸ»ğŸ‘‡ğŸ»,ğŸ“¢ BLACK FRIDAY - DISKAUN 70% ğŸ‘‘ğŸ‘‘,CEPAT! SUPER SALE TAMAT TAK LAMA LAGI! ğŸ‘‡ğŸ»ğŸ‘‡ğŸ»,ğŸ“¢ BLACK FRIDAY - Ø®ØµÙ… 70Ùª,Ø¹Ø¬Ù„ÙˆØ§! Ø¨ÙŠØ¹ Ø³ÙˆØ¨Ø± ÙŠÙ†ØªÙ‡ÙŠ Ù‚Ø±ÙŠØ¨Ø§! ğŸ‘‡ğŸ»ğŸ‘‡ğŸ»
11,29,70%,Cyber Monday,9h,ğŸ‘‘ HAPPY CYBER MONDAY!,ğŸ”¥ğŸ”¥ ONLY chance to discount -70% ğŸ”¥ğŸ”¥,ğŸ‘‘ Â¡FELIZ CYBER MONDAY!,ğŸ”¥ğŸ”¥ ÃšNICA posibilidad de descuento -70% ğŸ”¥ğŸ”¥,ğŸ‘‘ FELIZ CYBER MONDAY!,ğŸ”¥ğŸ”¥ SÃ“ chance de desconto de -70% ğŸ”¥ğŸ”¥,ğŸ‘‘ Ğ¡ Ğ”ĞĞ•Ğœ CYBER MONDAY!,ğŸ”¥ğŸ”¥ Ğ¢ĞĞ›Ğ¬ĞšĞ ÑˆĞ°Ğ½Ñ Ğ½Ğ° ÑĞºĞ¸Ğ´ĞºÑƒ -70% ğŸ”¥ğŸ”¥,ğŸ‘‘ Ğ’Ğ†Ğ¢ĞĞ„ĞœĞ CYBER MONDAY!,ğŸ”¥ğŸ”¥ Ğ¢Ğ†Ğ›Ğ¬ĞšĞ˜ ÑˆĞ°Ğ½Ñ Ğ½Ğ° Ğ·Ğ½Ğ¸Ğ¶ĞºÑƒ -70% ğŸ”¥ğŸ”¥,ğŸ‘‘ HAPPY CYBER MONDAY!,ğŸ”¥ğŸ”¥ NUR Chance auf Rabatt -70% ğŸ”¥ğŸ”¥,ğŸ‘‘ BONJOUR CYBER MONDAY!,ğŸ”¥ğŸ”¥ SEULE chance de remise -70% ğŸ”¥ğŸ”¥,ğŸ‘‘ SELAMAT CYBER MONDAY!,ğŸ”¥ğŸ”¥ HANYA kesempatan untuk diskon -70% ğŸ”¥ğŸ”¥,ğŸ‘‘ í•´í”¼ CYBER MONDAY!,ğŸ”¥ğŸ”¥ -70%ë§Œ í• ì¸ë°›ì„ ìˆ˜ ìˆëŠ” ê¸°íšŒ ğŸ”¥ğŸ”¥,ğŸ‘‘ Má»ªNG CYBER MONDAY!,ğŸ”¥ğŸ”¥ CÆ¡ há»™i -70% DUY NHáº¤T ğŸ”¥ğŸ”¥,ğŸ‘‘ ãƒãƒƒãƒ”ãƒ¼ CYBER MONDAY!,ğŸ”¥ğŸ”¥-50ï¼…å‰²å¼•ã®ãƒãƒ£ãƒ³ã‚¹ã®ã¿ğŸ”¥ğŸ”¥,ğŸ‘‘ BUON CYBER MONDAY!,ğŸ”¥ğŸ”¥ SOLO possibilitÃ  di sconto -70% ğŸ”¥ğŸ”¥,ğŸ‘‘ à¤¹à¥ˆà¤ªà¥à¤ªà¥€ CYBER MONDAY!,à¤›à¥‚à¤Ÿ à¤•à¤¾ à¤•à¥‡à¤µà¤² à¤®à¥Œà¤•à¤¾ -70% ğŸ”¥ğŸ”¥,ğŸ‘‘ à¸ªà¸¸à¸‚à¸ªà¸±à¸™à¸•à¹Œ CYBER MONDAY!,ğŸ”¥ğŸ”¥ à¹‚à¸­à¸à¸²à¸ªà¹€à¸”à¸µà¸¢à¸§à¹€à¸—à¹ˆà¸²à¸™à¸±à¹‰à¸™à¸—à¸µà¹ˆà¸ˆà¸°à¸¥à¸” -70% ğŸ”¥ğŸ”¥,ğŸ‘‘ SELAMAT CYBER MONDAY!,ğŸ”¥ğŸ”¥ SAHAJA peluang diskaun -70% ğŸ”¥ğŸ”¥,ğŸ‘‘ Ø³Ø¹ÙŠØ¯ CYBER MONDAY!,ğŸ”¥ğŸ”¥ ÙØ±ØµØ© ÙÙ‚Ø· Ù„Ù„Ø®ØµÙ… -50Ùª
11,29,70%,Cyber Monday,15h,"ğŸ¥³ DISCOUNT -70%, Cyber Monday","Catch it, catch it now ğŸ‘‰ğŸ¼","ğŸ¥³ DESCUENTO -70%, Cyber Monday",Aprovecha ahora ğŸ‘‰ğŸ¼,"ğŸ¥³ DESCONTO -70%, Cyber Monday",Aproveite agora ğŸ‘‰ğŸ¼,"ğŸ¥³ Ğ¡ĞšĞ˜Ğ”ĞšĞ -70%, Cyber Monday",Ğ’Ğ¾ÑĞ¿Ğ¾Ğ»ÑŒĞ·ÑƒĞ¹Ñ‚ĞµÑÑŒ ÑĞµĞ¹Ñ‡Ğ°Ñ ğŸ‘‰ğŸ¼,"ğŸ¥³ Ğ—ĞĞ˜Ğ–ĞšĞ -70%, Cyber Monday",Ğ¡ĞºĞ¾Ñ€Ğ¸ÑÑ‚Ğ°Ğ¹Ñ‚ĞµÑÑ Ğ·Ğ°Ñ€Ğ°Ğ· ğŸ‘‰ğŸ¼,"ğŸ¥³ RABATT -70%, Cyber Monday",Jetzt profitieren ğŸ‘‰ğŸ¼,"ğŸ¥³ REMISE -70%, Cyber Monday",Profitez-en maintenant ğŸ‘‰ğŸ¼,"ğŸ¥³ DISKON -70%, Cyber Monday",Manfaatkan sekarang ğŸ‘‰ğŸ¼,"ğŸ¥³ í• ì¸ -70%, Cyber Monday",ì§€ê¸ˆ ë°”ë¡œ ì´ìš©í•˜ì„¸ìš” ğŸ‘‰ğŸ¼,"ğŸ¥³ Cyber Monday, GIáº¢M NGAY 70%","Cháº§n chá» gÃ¬ ná»¯a, táº­n dá»¥ng ngay thÃ´i ğŸ‘‰ğŸ¼","ğŸ¥³ å‰²å¼•-50ï¼…, Cyber Monday",ä»Šã™ãæ´»ç”¨ğŸ‘‰ğŸ¼,"ğŸ¥³ SCONTO -70%, Cyber Monday",Approfittane ora ğŸ‘‰ğŸ¼,"ğŸ¥³ à¤›à¥‚à¤Ÿ -70%, Cyber Monday",à¤…à¤­à¥€ à¤²à¤¾à¤­ à¤‰à¤ à¤¾à¤à¤‚ ğŸ‘‰ğŸ¼,"ğŸ¥³ à¸ªà¹ˆà¸§à¸™à¸¥à¸” -70%, Cyber Monday",à¸£à¸±à¸šà¸›à¸£à¸°à¹‚à¸¢à¸Šà¸™à¹Œà¸—à¸±à¸™à¸—à¸µ ğŸ‘‰ğŸ¼,"ğŸ¥³ DISKAUN -70%, Cyber Monday",Manfaatkan sekarang ğŸ‘‰ğŸ¼,"ğŸ¥³ Ø®ØµÙ… -50Ùª, Cyber Monday",Ø§Ø³ØªÙØ¯ Ø§Ù„Ø¢Ù† ğŸ‘‰ğŸ¼
11,29,70%,Cyber Monday,20h,âš¡ï¸ Cyber Monday Offer Ending Soon,Hurry Up! Don't miss itğŸ‘‰ğŸ¼,âš¡ï¸ Cyber â€‹â€‹Monday TerminarÃ¡ Pronto,Â¡Darse Prisa! No te lo pierdas ğŸ‘‰ğŸ¼,âš¡ï¸ A Cyber â€‹â€‹Monday TerminarÃ¡ Em Breve,Se Apresse! NÃ£o perca ğŸ‘‰ğŸ¼,âš¡ï¸ Cyber Monday ÑĞºĞ¾Ñ€Ğ¾ Ğ·Ğ°ĞºĞ¾Ğ½Ñ‡Ğ¸Ñ‚ÑÑ,Ğ¢Ğ¾Ñ€Ğ¾Ğ¿Ğ¸Ñ‚ÑŒÑÑ! ĞĞµ Ğ¿Ñ€Ğ¾Ğ¿ÑƒÑÑ‚Ğ¸Ñ‚ĞµğŸ‘‰ğŸ¼,âš¡ï¸ Cyber Monday ÑĞºĞ¾Ñ€Ğ¾ Ğ·Ğ°ĞºÑ–Ğ½Ñ‡Ğ¸Ñ‚ÑŒÑÑ,ĞŸĞ¾ÑĞ¿Ñ–ÑˆĞ°Ğ¹! ĞĞµ Ğ¿Ñ€Ğ¾Ğ¿ÑƒÑÑ‚Ñ–Ñ‚ÑŒğŸ‘‰ğŸ¼,âš¡ï¸ Cyber â€‹â€‹Monday Endet Bald,Beeil Dich! Verpassen Sie es nichtğŸ‘‰ğŸ¼,âš¡ï¸ Le Cyber Monday Va BientÃ´t Se Terminer,DÃ©pÃªchez-vous! Ne le manquez pasğŸ‘‰ğŸ¼,âš¡ï¸ Cyber â€‹â€‹Monday Akan Segera Berakhir,Percepat! Jangan sampai ketinggalan ğŸ‘‰ğŸ¼,âš¡ï¸ ì‚¬ì´ë²„ ë¨¼ë°ì´ê°€ ê³§ ì¢…ë£Œë©ë‹ˆë‹¤,ì„œë‘˜ëŸ¬ ìš”! ë†“ì¹˜ì§€ë§ˆì„¸ìš”ğŸ‘‰ğŸ¼,âš¡ï¸ Cyber Monday Sáº½ Sá»›m Káº¿t ThÃºc,Nhanh LÃªn! Äá»«ng bá» lá»¡! ğŸ‘‰ğŸ¼,âš¡ï¸ Cyber Monday ã¯ã¾ã‚‚ãªãçµ‚äº†ã—ã¾ã™,æ€¥ã’ï¼ ãŠè¦‹é€ƒã—ãªãğŸ‘‰ğŸ¼,âš¡ï¸ Il Cyber â€‹â€‹Monday FinirÃ  Presto,Affrettarsi! Da non perdereğŸ‘‰ğŸ¼,âš¡ï¸ Cyber Monday à¤œà¤²à¥à¤¦ à¤–à¤¤à¥à¤® à¤¹à¥‹à¤—à¤¾,à¤œà¤²à¥à¤¦à¥€ à¤¸à¥‡! à¤‡à¤¸à¥‡ à¤¯à¤¾à¤¦ à¤®à¤¤ à¤•à¤°à¥‹ğŸ‘‰ğŸ¼,âš¡ï¸ Cyber Monday à¸ˆà¸°à¸ˆà¸šà¸¥à¸‡à¹ƒà¸™à¹„à¸¡à¹ˆà¸Šà¹‰à¸²,à¸£à¸µà¸šà¸‚à¸¶à¹‰à¸™! à¸«à¹‰à¸²à¸¡à¸à¸¥à¸²à¸” ğŸ‘‰ğŸ¼,âš¡ï¸ Cyber â€‹â€‹â€‹â€‹Monday Akan Berakhir Tidak Lama Lagi,Cepat! Jangan ketinggalanğŸ‘‰ğŸ¼,âš¡ï¸ Ø³ÙŠÙ†ØªÙ‡ÙŠ Cyber â€‹â€‹Monday Ù‚Ø±ÙŠØ¨Ù‹Ø§,Ø¹Ø¬Ù„ÙˆØ§! Ù„Ø§ ØªÙÙˆØªÙ‡Ø§ØŸ
12,12,70%,Flash Sale 12:12,9h,ONLY 100 CouponsğŸ·ï¸,"SALE OFF -70%, for only loyalty usersğŸ‘‰ğŸ¼",SOLO 100 CuponesğŸ·ï¸,"VENTA DE DESCUENTO -70%, solo para usuarios fidelizadosğŸ‘‰ğŸ¼",APENAS 100 cuponsğŸ·ï¸,"VENDA OFF -70%, apenas para usuÃ¡rios fidelizadosğŸ‘‰ğŸ¼",Ğ¢ĞĞ›Ğ¬ĞšĞ 100 ĞºÑƒĞ¿Ğ¾Ğ½Ğ¾Ğ²ğŸ·ï¸,"Ğ¡ĞšĞ˜Ğ”ĞšĞ -70%, Ñ‚Ğ¾Ğ»ÑŒĞºĞ¾ Ğ´Ğ»Ñ Ğ¿Ğ¾ÑÑ‚Ğ¾ÑĞ½Ğ½Ñ‹Ñ… Ğ¿Ğ¾Ğ»ÑŒĞ·Ğ¾Ğ²Ğ°Ñ‚ĞµĞ»ĞµĞ¹ğŸ‘‰ğŸ¼",Ğ¢Ğ†Ğ›Ğ¬ĞšĞ˜ 100 ĞºÑƒĞ¿Ğ¾Ğ½Ñ–Ğ²ğŸ·ï¸,"Ğ—ĞĞ˜Ğ–ĞšĞ -70%, Ñ‚Ñ–Ğ»ÑŒĞºĞ¸ Ğ´Ğ»Ñ Ğ¿Ğ¾ÑÑ‚Ñ–Ğ¹Ğ½Ğ¸Ñ… ĞºĞ¾Ñ€Ğ¸ÑÑ‚ÑƒĞ²Ğ°Ñ‡Ñ–Ğ²ğŸ‘‰ğŸ¼",NUR 100 GutscheineğŸ·ï¸,"AUSVERKAUF -70%, nur fÃ¼r TreuenutzerğŸ‘‰ğŸ¼",SEULEMENT 100 CouponsğŸ·ï¸,"VENTE OFFERTE -70%, uniquement pour les utilisateurs fidÃ©litÃ©ğŸ‘‰ğŸ¼",HANYA 100 KuponğŸ·ï¸,"DISKON PENJUALAN -70%, hanya untuk pengguna setiağŸ‘‰ğŸ¼",ë‹¨ 100ê°œì˜ ì¿ í°ğŸ·ï¸,"SALE OFF -70%, ì¶©ì„±ë„ê°€ ë†’ì€ ì‚¬ìš©ìë§Œ ğŸ‘‰ğŸ¼",CHá»ˆ 100 Phiáº¿u Giáº£m GiÃ¡ğŸ·ï¸,GIáº¢M 70% cho khÃ¡ch hÃ ng trung thÃ nh ğŸ‘‰ğŸ¼,ãŸã£ãŸ100æšã®ã‚¯ãƒ¼ãƒãƒ³ğŸ·ï¸,ãƒ­ã‚¤ãƒ¤ãƒ«ãƒ†ã‚£ãƒ¦ãƒ¼ã‚¶ãƒ¼ã®ã¿ã®ã‚»ãƒ¼ãƒ«ã‚ªãƒ•-50ï¼…ğŸ‘‰ğŸ¼,SOLO 100 CouponğŸ·ï¸,"SCONTO SCONTO -70%, solo per utenti fidelizzatiğŸ‘‰ğŸ¼",à¤•à¥‡à¤µà¤² 100 à¤•à¥‚à¤ªà¤¨ğŸ·ï¸,"à¤¬à¤¿à¤•à¥à¤°à¥€ à¤¬à¤‚à¤¦ -70%, à¤•à¥‡à¤µà¤² à¤²à¥‰à¤¯à¤²à¥à¤Ÿà¥€ à¤‰à¤ªà¤¯à¥‹à¤—à¤•à¤°à¥à¤¤à¤¾à¤“à¤‚ à¤•à¥‡ à¤²à¤¿à¤ğŸ‘‰ğŸ¼",100 à¸„à¸¹à¸›à¸­à¸‡à¹€à¸—à¹ˆà¸²à¸™à¸±à¹‰à¸™ğŸ·ï¸,SALE OFF -70% à¸ªà¸³à¸«à¸£à¸±à¸šà¸œà¸¹à¹‰à¹ƒà¸Šà¹‰à¸„à¸§à¸²à¸¡à¸ à¸±à¸à¸”à¸µà¹€à¸—à¹ˆà¸²à¸™à¸±à¹‰à¸™ğŸ‘‰ğŸ¼,HANYA 100 KuponğŸ·ï¸,"SALE OFF -70%, hanya untuk pengguna setiağŸ‘‰ğŸ¼",ÙÙ‚Ø· 100 ÙƒÙˆØ¨ÙˆÙ†ğŸ·ï¸,Ø¨ÙŠØ¹ Ø®ØµÙ… -50Ùª ØŒ Ù„Ù„Ù…Ø³ØªØ®Ø¯Ù…ÙŠÙ† Ø§Ù„ÙˆÙ„Ø§Ø¡ ÙÙ‚Ø·ğŸ‘‰ğŸ¼
12,12,70%,Flash Sale 12:13,15h,ğŸ’¥DISCOUNT for First 100 PeopleğŸ’¥,Open to catch your Flash SaleğŸ‘‰,ğŸ’¥ DESCUENTO para las primeras 100 personasğŸ’¥,Abierta para atrapar tu Venta Flash ğŸ‘‰,ğŸ’¥DESCONTO para as primeiras 100 pessoasğŸ’¥,Aberto para pegar sua promoÃ§Ã£o relÃ¢mpagoğŸ‘‰,ğŸ’¥Ğ¡ĞšĞ˜Ğ”ĞšĞ Ğ½Ğ° Ğ¿ĞµÑ€Ğ²Ñ‹Ğµ 100 Ñ‡ĞµĞ»Ğ¾Ğ²ĞµĞºğŸ’¥,"ĞÑ‚ĞºÑ€Ğ¾Ğ¹Ñ‚Ğµ, Ñ‡Ñ‚Ğ¾Ğ±Ñ‹ Ğ¿Ğ¾Ğ¹Ğ¼Ğ°Ñ‚ÑŒ Flash Sale ğŸ‘‰",ğŸ’¥Ğ—ĞĞ˜Ğ–ĞšĞ Ğ´Ğ»Ñ Ğ¿ĞµÑ€ÑˆĞ¸Ñ… 100 Ğ»ÑĞ´ĞµĞ¹ğŸ’¥,"Ğ’Ñ–Ğ´ĞºÑ€Ğ¸Ğ¹Ñ‚Ğµ, Ñ‰Ğ¾Ğ± Ğ¿Ğ¾Ğ±Ğ°Ñ‡Ğ¸Ñ‚Ğ¸ ÑĞ²Ñ–Ğ¹ Flash Sale ğŸ‘‰",ğŸ’¥RABATT fÃ¼r die ersten 100 PersonenğŸ’¥,"Ã–ffnen Sie, um Ihren Flash Sale zu fangen ğŸ‘‰",ğŸ’¥REMISE pour les 100 premiÃ¨res personnesğŸ’¥,Ouvrez pour saisir votre Vente FlashğŸ‘‰,ğŸ’¥DISKON untuk 100 Orang Pertama ğŸ’¥,Buka untuk mendapatkan Flash Sale AndağŸ‘‰,ğŸ’¥ì„ ì°©ìˆœ 100ëª… í• ì¸ ğŸ’¥,ê·€í•˜ì˜ í”Œë˜ì‹œ ì„¸ì¼ì„ ì¡ìœ¼ë ¤ë©´ ì—½ë‹ˆë‹¤ğŸ‘‰,ğŸ’¥ GIáº¢M GIÃ cho 100 ngÆ°á»i Ä‘áº§u tiÃªn ğŸ’¥,Má»Ÿ ngay Ä‘á»ƒ gom Flash Sale ğŸ‘‰,ğŸ’¥æœ€åˆã®100äººã®å‰²å¼•ğŸ’¥,ã‚ãªãŸã® è¶…å‰²å¼• 12:12 ã‚’ã‚­ãƒ£ãƒƒãƒã™ã‚‹ãŸã‚ã«é–‹ã„ã¦ãã ã•ã„ğŸ‘‰,ğŸ’¥SCONTO per le prime 100 persone ğŸ’¥,Apri per prendere la tua Super Sconto 12:12ğŸ‘‰,ğŸ’¥à¤ªà¤¹à¤²à¥‡ 100 à¤²à¥‹à¤—à¥‹à¤‚ à¤•à¥‡ à¤²à¤¿à¤ à¤›à¥‚à¤Ÿ ğŸ’¥,à¤…à¤ªà¤¨à¥€ à¤¸à¥à¤ªà¤° à¤›à¥‚à¤Ÿ 12:12 à¤•à¥‹ à¤ªà¤•à¤¡à¤¼à¤¨à¥‡ à¤•à¥‡ à¤²à¤¿à¤ à¤–à¥‹à¤²à¥‡à¤‚ğŸ‘‰,ğŸ’¥à¸ªà¹ˆà¸§à¸™à¸¥à¸”à¸ªà¸³à¸«à¸£à¸±à¸š 100 à¸—à¹ˆà¸²à¸™à¹à¸£à¸ğŸ’¥,à¹€à¸›à¸´à¸”à¸£à¸±à¸š à¸¥à¸”à¸ªà¸¸à¸”à¹† 12:12 ğŸ‘‰,ğŸ’¥DISKAUN untuk 100 Orang Terawal ğŸ’¥,Terbuka untuk menangkap Diskaun Super 12:12 andağŸ‘‰,ğŸ’¥ Ø§Ù„Ø®ØµÙ… Ù„Ø£ÙˆÙ„ 100 Ø´Ø®Øµ,Ø§ÙØªØ­ Ù„ØªÙ„ØªÙ‚Ø· Ø®ØµÙ… Ø³ÙˆØ¨Ø± 12:12 Ø§Ù„Ø®Ø§ØµØ© Ø¨Ùƒ ğŸ‘‰
12,12,70%,Flash Sale 12:14,20h,ğŸ”¥ğŸ”¥ SALE OFF -70% ğŸ”¥ğŸ”¥,Flash Sale is ending soon ğŸŒ»ğŸŒ»,ğŸ”¥ğŸ”¥ DESCUENTO -70% ğŸ”¥ğŸ”¥,La Venta Express 12:12 finalizarÃ¡ pronto ğŸŒ»ğŸŒ»,ğŸ”¥ğŸ”¥ LIQUIDAÃ‡ÃƒO -70% ğŸ”¥ğŸ”¥,A Venda RÃ¡pida 12:12 terminarÃ¡ em breve ğŸŒ»ğŸŒ»,ğŸ”¥ğŸ”¥ Ğ¡ĞšĞ˜Ğ”ĞšĞ -70% ğŸ”¥ğŸ”¥,Ğ¤Ğ»ÑÑˆ-Ñ€Ğ°ÑĞ¿Ñ€Ğ¾Ğ´Ğ°Ğ¶Ğ° 12:12 ÑĞºĞ¾Ñ€Ğ¾ Ğ·Ğ°ĞºĞ¾Ğ½Ñ‡Ğ¸Ñ‚ÑÑ ğŸŒ»ğŸŒ»,ğŸ”¥ğŸ”¥ Ğ—ĞĞ˜Ğ–ĞšĞ -70% ğŸ”¥ğŸ”¥,Ğ¤Ğ»ĞµÑˆ-Ñ€Ğ¾Ğ·Ğ¿Ñ€Ğ¾Ğ´Ğ°Ğ¶ 12:12 Ğ½ĞµĞ·Ğ°Ğ±Ğ°Ñ€Ğ¾Ğ¼ Ğ·Ğ°ĞºÑ–Ğ½Ñ‡ÑƒÑ”Ñ‚ÑŒÑÑ ğŸŒ»ğŸŒ»,ğŸ”¥ğŸ”¥ RABATT -70% ğŸ”¥ğŸ”¥,Blitzangebot 12:12 endet bald ğŸŒ»ğŸŒ»,VENTE OFFERTE -70% ğŸ”¥ğŸ”¥,La Vente Flash 12:12 se termine bientÃ´t ğŸŒ»ğŸŒ»,ğŸ”¥ğŸ”¥ DISKON -70% ğŸ”¥ğŸ”¥,Penjualan Cepat 12:12 akan segera berakhir ğŸŒ»ğŸŒ»,ğŸ”¥ğŸ”¥ ì„¸ì¼ -70% ğŸ”¥ğŸ”¥,ê¹œì§ ì„¸ì¼ 12:12 ê³§ ì¢…ë£Œë©ë‹ˆë‹¤ ğŸŒ»ğŸŒ»,ğŸ”¥ğŸ”¥ SIÃŠU GIáº¢M GIÃ -70% ğŸ”¥ğŸ”¥,SiÃªu Giáº£m GiÃ¡ 12:12 sáº¯p káº¿t thÃºc ğŸŒ»ğŸŒ»,ğŸ”¥ğŸ”¥ã‚»ãƒ¼ãƒ«ã‚ªãƒ•-50ï¼…ğŸ”¥ğŸ”¥,è¶…å‰²å¼• 12:12 ã¯ã¾ã‚‚ãªãçµ‚äº†ã—ã¾ã™ğŸŒ»ğŸŒ»,ğŸ”¥ğŸ”¥ SCONTO -70% ğŸ”¥ğŸ”¥,Super Sconto 12:12 sta finendo presto ğŸŒ»ğŸŒ»,ğŸ”¥ğŸ”¥ à¤¬à¤¿à¤•à¥à¤°à¥€ à¤¬à¤‚à¤¦ -70% ğŸ”¥ğŸ”¥,à¤¸à¥à¤ªà¤° à¤›à¥‚à¤Ÿ 12:12 à¤œà¤²à¥à¤¦ à¤¹à¥€ à¤¸à¤®à¤¾à¤ªà¥à¤¤ à¤¹à¥‹ à¤°à¤¹à¥€ à¤¹à¥ˆ ğŸŒ»ğŸŒ»,ğŸ”¥ğŸ”¥ à¸¥à¸”à¸£à¸²à¸„à¸² -70% ğŸ”¥ğŸ”¥,Flash Sale à¸ˆà¸°à¸ªà¸´à¹‰à¸™à¸ªà¸¸à¸”à¹€à¸£à¹‡à¸§à¹† à¸™à¸µà¹‰ ğŸŒ»ğŸŒ»,ğŸ”¥ğŸ”¥ JUALAN DISKAUN -70% ğŸ”¥ğŸ”¥,Diskaun Super 12:12 akan tamat tidak lama lagi ğŸŒ»ğŸŒ»,ğŸ”¥ğŸ”¥ ØªØ®ÙÙŠØ¶Ø§Øª Ø§Ù„Ø¨ÙŠØ¹ -50Ùª ğŸ”¥ğŸ”¥,Ø³ØªÙ†ØªÙ‡ÙŠ Ø®ØµÙ… Ø³ÙˆØ¨Ø± 12:12 Ù‚Ø±ÙŠØ¨Ù‹Ø§ ğŸŒ»ğŸŒ»
12,24,70%,Merry Christmas!,9h,MERRY CHRISTMAS!ğŸ„â˜ƒï¸â„ï¸,"Sale Off - 70% for Christmas, CHECK IT NOW!",Â¡FELIZ NAVIDAD! ğŸ„â˜ƒï¸â„ï¸,"Venta de descuento - 70% para Navidad, Â¡CONSULTE AHORA!",FELIZ NATAL!ğŸ„â˜ƒï¸â„ï¸,"PromoÃ§Ã£o - 70% para o Natal, VERIFIQUE AGORA!",Ğ¡Ñ‡Ğ°ÑÑ‚Ğ»Ğ¸Ğ²Ğ¾Ğ³Ğ¾ Ğ Ğ¾Ğ¶Ğ´ĞµÑÑ‚Ğ²Ğ°!,"Ğ¡ĞºĞ¸Ğ´ĞºĞ° 70% Ğ½Ğ° Ğ Ğ¾Ğ¶Ğ´ĞµÑÑ‚Ğ²Ğ¾, Ğ£Ğ—ĞĞĞ™Ğ¢Ğ• Ğ¡Ğ•Ğ™Ğ§ĞĞ¡!",Ğ©ĞĞ¡Ğ›Ğ˜Ğ’ĞĞ“Ğ Ğ Ğ†Ğ—Ğ”Ğ’Ğ! ğŸ„â˜ƒï¸â„ï¸,"Ğ—Ğ½Ğ¸Ğ¶ĞºĞ° - 70% Ğ½Ğ° Ğ Ñ–Ğ·Ğ´Ğ²Ğ¾, ĞŸĞ•Ğ Ğ•Ğ’Ğ†Ğ Ğ¢Ğ• Ğ—ĞĞ ĞĞ—!",FROHE WEIHNACHTEN!ğŸ„â˜ƒï¸â„ï¸,"Sale Off - 70% zu Weihnachten, JETZT PRÃœFEN!",JOYEUX NOÃ‹L!ğŸ„â˜ƒï¸â„ï¸,"Soldes - 70% pour NoÃ«l, VÃ‰RIFIEZ-LE MAINTENANTÂ !",SELAMAT NATAL! ğŸ„â˜ƒï¸â„ï¸,"Sale Off - 70% untuk Natal, PERIKSA SEKARANG!",ë©”ë¦¬ í¬ë¦¬ìŠ¤ë§ˆìŠ¤! ğŸ„â˜ƒï¸â„ï¸,"í• ì¸ - í¬ë¦¬ìŠ¤ë§ˆìŠ¤ 70%, ì§€ê¸ˆ í™•ì¸í•˜ì„¸ìš”!",GIÃNG SINH VUI Váºº! ğŸ„â˜ƒï¸â„ï¸,"Giáº£m giÃ¡ - 70% dá»‹p GiÃ¡ng Sinh, KIá»‚M TRA NGAY!",ãƒ¡ãƒªãƒ¼ã‚¯ãƒªã‚¹ãƒã‚¹ï¼ğŸ„â˜ƒï¸â„ï¸,ã‚»ãƒ¼ãƒ«ã‚ªãƒ•-ã‚¯ãƒªã‚¹ãƒã‚¹ã¯50ï¼…ã€ä»Šã™ããƒã‚§ãƒƒã‚¯ï¼,BUON NATALE! ğŸ„â˜ƒï¸â„ï¸,"Saldi scontati - 70% per Natale, VERIFICA ORA!",à¤•à¥à¤°à¤¿à¤¸à¤®à¤¸ à¤•à¥€ à¤¬à¤§à¤¾à¤ˆ! ğŸ„â˜ƒï¸â„ï¸,"à¤¬à¤¿à¤•à¥à¤°à¥€ à¤¬à¤‚à¤¦ à¤•à¥à¤°à¤¿à¤¸à¤®à¤¸ à¤•à¥‡ à¤²à¤¿à¤ 70%, à¤‡à¤¸à¥‡ à¤…à¤­à¥€ à¤œà¤¾à¤‚à¤šà¥‡à¤‚!",à¸ªà¸¸à¸‚à¸ªà¸±à¸™à¸•à¹Œà¸§à¸±à¸™à¸„à¸£à¸´à¸ªà¸•à¹Œà¸¡à¸²à¸ª! ğŸ„â˜ƒï¸â„ï¸,à¸¥à¸”à¸£à¸²à¸„à¸² - 70% à¸ªà¸³à¸«à¸£à¸±à¸šà¸„à¸£à¸´à¸ªà¸•à¹Œà¸¡à¸²à¸ª à¸•à¸£à¸§à¸ˆà¸ªà¸­à¸šà¹€à¸¥à¸¢!,SELAMAT HARI NATAL! ğŸ„â˜ƒï¸â„ï¸,"Diskaun Jualan - 70% untuk Krismas, SEMAK SEKARANG!",Ø¹ÙŠØ¯ Ù…ÙŠÙ„Ø§Ø¯ Ù…Ø¬ÙŠØ¯! ğŸ„â˜ƒï¸â„ï¸,Ø®ØµÙˆÙ…Ø§Øª - 50Ùª Ù„Ø¹ÙŠØ¯ Ø§Ù„Ù…ÙŠÙ„Ø§Ø¯ ØŒ ØªØ­Ù‚Ù‚ Ø§Ù„Ø¢Ù†!
12,24,70%,Merry Christmas!,15h,â˜ƒï¸[HOT] CHRISTMAS SALE -70% â˜ƒï¸,Hope you have a warm Christmas with Family & Friends! ğŸ¤—ğŸ¤—,â˜ƒï¸ [CALIENTE] OFERTA DE NAVIDAD -70% â˜ƒï¸,Â¡Espero que tengas una cÃ¡lida Navidad con Familiares y Amigos! ğŸ¤—ğŸ¤—,â˜ƒï¸ [QUENTE] PROMOÃ‡ÃƒO DE NATAL -70% â˜ƒï¸,Espero que vocÃª tenha um Natal quente com a famÃ­lia e amigos! ğŸ¤—ğŸ¤—,â˜ƒï¸ [HOT] Ğ ĞĞ–Ğ”Ğ•Ğ¡Ğ¢Ğ’Ğ•ĞĞ¡ĞšĞĞ¯ Ğ ĞĞ¡ĞŸĞ ĞĞ”ĞĞ–Ğ -70% â˜ƒï¸,Ğ–ĞµĞ»Ğ°Ñ Ğ²Ğ°Ğ¼ Ñ‚ĞµĞ¿Ğ»Ğ¾Ğ³Ğ¾ Ğ Ğ¾Ğ¶Ğ´ĞµÑÑ‚Ğ²Ğ° Ñ ÑĞµĞ¼ÑŒĞµĞ¹ Ğ¸ Ğ´Ñ€ÑƒĞ·ÑŒÑĞ¼Ğ¸! ğŸ¤—ğŸ¤—,â˜ƒï¸[Ğ“ĞĞ Ğ¯Ğ§Ğ˜Ğ™] Ğ Ğ†Ğ—Ğ”Ğ’Ğ˜Ğ™ Ğ ĞĞ—ĞŸĞ ĞĞ”ĞĞ– -70% â˜ƒï¸,"Ğ¡Ğ¿Ğ¾Ğ´Ñ–Ğ²Ğ°ÑÑÑ, Ğ²Ğ¸ Ğ¿Ñ€Ğ¾Ğ²ĞµĞ´ĞµÑ‚Ğµ Ñ‚ĞµĞ¿Ğ»Ğ¾ Ğ Ñ–Ğ·Ğ´Ğ²Ğ¾ Ğ² ĞºĞ¾Ğ»Ñ– Ñ€Ğ¾Ğ´Ğ¸Ğ½Ğ¸ Ñ‚Ğ° Ğ´Ñ€ÑƒĞ·Ñ–Ğ²! ğŸ¤—ğŸ¤—",â˜ƒï¸[HOT] WEIHNACHTSVERKAUF -70% â˜ƒï¸,Ich wÃ¼nsche Ihnen ein warmes Weihnachtsfest mit Familie und Freunden! ğŸ¤—ğŸ¤—,â˜ƒï¸[HOT] VENTE DE NOL -70% â˜ƒï¸,J'espÃ¨re que vous passez un NoÃ«l chaleureux avec votre famille et vos amisÂ ! ğŸ¤—ğŸ¤—,â˜ƒï¸ ï¸[PROMO NATAL] -70% ï¸â˜ƒï¸,Semoga Anda memiliki Natal yang hangat bersama Keluarga & Teman! ğŸ¤—ğŸ¤—,â˜ƒï¸[HOT] í¬ë¦¬ìŠ¤ë§ˆìŠ¤ ì„¸ì¼ -70% â˜ƒï¸,"ê°€ì¡±, ì¹œêµ¬ì™€ í•¨ê»˜ ë”°ëœ»í•œ í¬ë¦¬ìŠ¤ë§ˆìŠ¤ ë³´ë‚´ì‹œê¸° ë°”ëë‹ˆë‹¤! ğŸ¤—ğŸ¤—",â˜ƒï¸ [HOT] SALE GIÃNG SINH -70% â˜ƒï¸,Mong báº¡n cÃ³ má»™t mÃ¹a GiÃ¡ng Sinh áº¥m Ã¡p bÃªn Gia Ä‘Ã¬nh & Báº¡n bÃ¨! ğŸ¤—ğŸ¤—,â˜ƒï¸[HOT]ã‚¯ãƒªã‚¹ãƒã‚¹ã‚»ãƒ¼ãƒ«-50ï¼…â˜ƒï¸,ãƒ•ã‚¡ãƒŸãƒªãƒ¼ï¼†ãƒ•ãƒ¬ãƒ³ã‚ºã¨ä¸€ç·’ã«æš–ã‹ã„ã‚¯ãƒªã‚¹ãƒã‚¹ã‚’ãŠéã”ã—ãã ã•ã„ã€‚ ğŸ¤—ğŸ¤—,â˜ƒï¸[HOT] SALDI DI NATALE -70% â˜ƒï¸,Spero che tu abbia un caldo Natale con la famiglia e gli amici! ğŸ¤—ğŸ¤—,â˜ƒï¸ [à¤—à¤°à¥à¤®] à¤•à¥à¤°à¤¿à¤¸à¤®à¤¸ à¤¬à¤¿à¤•à¥à¤°à¥€ -70% â˜ƒï¸,à¤†à¤¶à¤¾ à¤¹à¥ˆ à¤•à¤¿ à¤†à¤ªà¤•à¥‡ à¤ªà¤¾à¤¸ à¤ªà¤°à¤¿à¤µà¤¾à¤° à¤”à¤° à¤¦à¥‹à¤¸à¥à¤¤à¥‹à¤‚ à¤•à¥‡ à¤¸à¤¾à¤¥ à¤à¤• à¤—à¤°à¥à¤® à¤•à¥à¤°à¤¿à¤¸à¤®à¤¸ à¤¹à¥ˆ! à¤®à¥ˆà¤‚ ğŸ¤—ğŸ¤—,â˜ƒï¸[à¸ªà¸¸à¸”à¸®à¸´à¸•] à¸¥à¸”à¸£à¸²à¸„à¸²à¸„à¸£à¸´à¸ªà¸•à¹Œà¸¡à¸²à¸ª -70% â˜ƒï¸,à¸«à¸§à¸±à¸‡à¸§à¹ˆà¸²à¸„à¸¸à¸“à¸ˆà¸°à¸¡à¸µà¸„à¸£à¸´à¸ªà¸•à¹Œà¸¡à¸²à¸ªà¸—à¸µà¹ˆà¸­à¸šà¸­à¸¸à¹ˆà¸™à¸à¸±à¸šà¸„à¸£à¸­à¸šà¸„à¸£à¸±à¸§à¹à¸¥à¸°à¸œà¸­à¸‡à¹€à¸à¸·à¹ˆà¸­à¸™! ğŸ¤—ğŸ¤—,â˜ƒï¸[HOT] JUALAN KRISMAS -70% â˜ƒï¸,Semoga anda mempunyai Krismas yang hangat bersama Keluarga & Rakan! ğŸ¤—ğŸ¤—,â˜ƒï¸ ØªØ®ÙÙŠØ¶Ø§Øª Ø¹ÙŠØ¯ Ø§Ù„Ù…ÙŠÙ„Ø§Ø¯ [HOT] -50Ùª â˜ƒï¸,Ø¢Ù…Ù„ Ø£Ù† ÙŠÙƒÙˆÙ† Ù„Ø¯ÙŠÙƒ Ø¹ÙŠØ¯ Ù…ÙŠÙ„Ø§Ø¯ Ø¯Ø§ÙØ¦ Ù…Ø¹ Ø§Ù„Ø¹Ø§Ø¦Ù„Ø© ÙˆØ§Ù„Ø£ØµØ¯Ù‚Ø§Ø¡! ğŸ¤—ğŸ¤—
12,24,70%,Merry Christmas!,20h,"KNOCK, KNOCK... Santa Claus here!!! ğŸ…",-70% Off Gift Voucher for Only You ğŸ‘‰,"KNOCK, KNOCK ... Â¡Â¡Â¡PapÃ¡ Noel aquÃ­ !!! ğŸ…",-70% de descuento en vale de regalo solo para ti ğŸ‘‰,"KNOCK, KNOCK ... Papai Noel aqui !!! ğŸ…",-70% de desconto no voucher de oferta sÃ³ para vocÃª ğŸ‘‰," Ğ¢ÑƒĞº, Ñ‚ÑƒĞº ... Ğ”ĞµĞ´ ĞœĞ¾Ñ€Ğ¾Ğ· Ğ—Ğ´ĞµÑÑŒ !!! ğŸ…",-70% ÑĞºĞ¸Ğ´ĞºĞ° Ğ½Ğ° Ğ¿Ğ¾Ğ´Ğ°Ñ€Ğ¾Ñ‡Ğ½Ñ‹Ğ¹ ÑĞµÑ€Ñ‚Ğ¸Ñ„Ğ¸ĞºĞ°Ñ‚ Ñ‚Ğ¾Ğ»ÑŒĞºĞ¾ Ğ´Ğ»Ñ Ğ²Ğ°Ñ ğŸ‘‰,ĞŸÑ€Ğ¸Ğ²Ñ–Ñ‚... Ğ”Ñ–Ğ´ ĞœĞ¾Ñ€Ğ¾Ğ· Ñ‚ÑƒÑ‚!!! ğŸ…,-70% Ğ·Ğ½Ğ¸Ğ¶ĞºĞ° Ğ½Ğ° Ğ¿Ğ¾Ğ´Ğ°Ñ€ÑƒĞ½ĞºĞ¾Ğ²Ğ¸Ğ¹ Ğ²Ğ°ÑƒÑ‡ĞµÑ€ ÑĞ°Ğ¼Ğµ Ğ´Ğ»Ñ Ğ²Ğ°Ñ ğŸ‘‰,"KNOCK, KNOCK... Der Weihnachtsmann hier!!! ğŸ…",-70% Rabatt auf Geschenkgutschein nur fÃ¼r dich ğŸ‘‰,"TOC, TOC... Le PÃ¨re NoÃ«l est lÃ  !!! ğŸ…",-70% de remise sur un bon cadeau rien que pour vous ğŸ‘‰,"KNOCK, KNOCK... Sinterklas di sini!!! ğŸ…",-Diskon 70% untuk voucher hadiah hanya untuk Anda ğŸ‘‰,"KNOCK, KNOCK... ì‚°íƒ€í´ë¡œìŠ¤ ì—¬ê¸°!!! ğŸ…",ë‹¹ì‹ ë§Œì„ ìœ„í•œ ìƒí’ˆê¶Œ 70% í• ì¸ ğŸ‘‰,Cá»C Cá»C... Ã”ng giÃ  Noel Ä‘Ã¢y !!! ğŸ…,-Giáº£m giÃ¡ 70% trÃªn phiáº¿u quÃ  táº·ng dÃ nh riÃªng cho báº¡n ğŸ‘‰,KNOCKã€KNOCK ...ã“ã“ã«ã‚µãƒ³ã‚¿ã‚¯ãƒ­ãƒ¼ã‚¹!!! ğŸ…,-ã‚ãªãŸã ã‘ã®ã‚®ãƒ•ãƒˆåˆ¸ãŒ50ï¼…å‰²å¼•ğŸ‘‰,"BUSSA, BUSSA... Babbo Natale qui!!! ğŸ…",-70% di sconto sul buono regalo solo per te ğŸ‘‰,"à¤¦à¤¸à¥à¤¤à¤•, à¤¦à¤¸à¥à¤¤à¤•... à¤¸à¤¾à¤‚à¤¤à¤¾ à¤•à¥à¤²à¥‰à¤¸ à¤¯à¤¹à¤¾à¤!!! ğŸ…",-70% à¤¸à¤¿à¤°à¥à¤« à¤†à¤ªà¤•à¥‡ à¤²à¤¿à¤ à¤—à¤¿à¤«à¥à¤Ÿ à¤µà¤¾à¤‰à¤šà¤° à¤ªà¤° à¤›à¥‚à¤Ÿ ğŸ‘‰,à¸à¹Šà¸­à¸ à¸à¹Šà¸­à¸ à¸à¹Šà¸­à¸ à¸‹à¸²à¸™à¸•à¸²à¸„à¸¥à¸­à¸ªà¸­à¸¢à¸¹à¹ˆà¸™à¸µà¹ˆ!!! ğŸ…,- à¸ªà¹ˆà¸§à¸™à¸¥à¸” 70% à¸ªà¸³à¸«à¸£à¸±à¸šà¸šà¸±à¸•à¸£à¸à¸³à¸™à¸±à¸¥à¸ªà¸³à¸«à¸£à¸±à¸šà¸„à¸¸à¸“à¹‚à¸”à¸¢à¹€à¸‰à¸à¸²à¸° ğŸ‘‰,"KNOCK, KNOCK... Santa Claus di sini!!! ğŸ…",-Diskaun 70% untuk baucar hadiah hanya untuk anda ğŸ‘‰,Ø§Ø·Ø±Ù‚ ØŒ Ø§Ø·Ø±Ù‚ ... Ø³Ø§Ù†ØªØ§ ÙƒÙ„ÙˆØ² Ù‡Ù†Ø§ !!! ğŸ…,- Ø®ØµÙ… 50Ùª Ø¹Ù„Ù‰ Ù‚Ø³ÙŠÙ…Ø© Ø§Ù„Ù‡Ø¯Ø§ÙŠØ§ ÙÙ‚Ø· Ù„Ø£Ø¬Ù„Ùƒ ğŸ‘‰
12,25,70%,Merry Christmas!,9h,ğŸ…Santa Claus have a GIFT for you,"First, Merry Christmas and Second, check your GIFT now ğŸ‘‰",ğŸ…Santa Claus tiene un REGALO para ti,"Primero, Feliz Navidad y Segundo, revisa tu REGALO ahora ğŸ‘‰",ğŸ… Papai Noel tem um PRESENTE para vocÃª,"Em primeiro lugar, Feliz Natal e em segundo lugar, verifique o seu PRESENTE agora ğŸ‘‰",ğŸ… Santa Claus Ğ¿Ñ€Ğ¸Ğ³Ğ¾Ñ‚Ğ¾Ğ²Ğ¸Ğ» Ğ´Ğ»Ñ Ñ‚ĞµĞ±Ñ ĞŸĞĞ”ĞĞ ĞĞš,"Ğ’Ğ¾-Ğ¿ĞµÑ€Ğ²Ñ‹Ñ…, Ñ Ğ Ğ¾Ğ¶Ğ´ĞµÑÑ‚Ğ²Ğ¾Ğ¼, Ğ° Ğ²Ğ¾-Ğ²Ñ‚Ğ¾Ñ€Ñ‹Ñ…, Ğ¿Ñ€Ğ¾Ğ²ĞµÑ€ÑŒÑ‚Ğµ ÑĞ²Ğ¾Ğ¹ ĞŸĞĞ”ĞĞ ĞĞš ğŸ‘‰",ğŸ…Ğ”Ñ–Ğ´ ĞœĞ¾Ñ€Ğ¾Ğ· Ğ¼Ğ°Ñ” Ğ´Ğ»Ñ Ğ²Ğ°Ñ ĞŸĞĞ”ĞĞ Ğ£ĞĞĞš,"ĞŸĞ¾-Ğ¿ĞµÑ€ÑˆĞµ, Ğ· Ğ Ñ–Ğ·Ğ´Ğ²Ğ¾Ğ¼, Ğ° Ğ¿Ğ¾-Ğ´Ñ€ÑƒĞ³Ğµ, Ğ¿ĞµÑ€ĞµĞ²Ñ–Ñ€Ñ‚Ğµ ÑĞ²Ñ–Ğ¹ ĞŸĞĞ”ĞĞ Ğ£ĞĞĞš Ğ·Ğ°Ñ€Ğ°Ğ· ğŸ‘‰",ğŸ…Der Weihnachtsmann hat ein GESCHENK fÃ¼r dich,"Erstens, Frohe Weihnachten und Zweitens, Ã¼berprÃ¼fen Sie jetzt Ihr GESCHENK ğŸ‘‰",ğŸ… Le PÃ¨re NoÃ«l a un CADEAU pour vous,"PremiÃ¨rement, joyeux NoÃ«l et deuxiÃ¨mement, vÃ©rifiez votre CADEAU maintenant ğŸ‘‰",ğŸ… Santa Claus punya HADIAH untukmu,"Pertama, Selamat Natal dan Kedua, periksa HADIAH Anda sekarang ğŸ‘‰",ğŸ…ì‚°íƒ€í´ë¡œìŠ¤ê°€ ë‹¹ì‹ ì„ ìœ„í•œ ì„ ë¬¼ì„ ì¤€ë¹„í–ˆìŠµë‹ˆë‹¤,"ì²«ì§¸, ë©”ë¦¬ í¬ë¦¬ìŠ¤ë§ˆìŠ¤, ë‘˜ì§¸, ì§€ê¸ˆ ë‹¹ì‹ ì˜ GIFTë¥¼ í™•ì¸í•˜ì„¸ìš” ğŸ‘‰",ğŸ…Santa Claus cÃ³ QUÃ€ cho báº¡n,"Lá»i Ä‘áº§u tiÃªn, GiÃ¡ng sinh vui váº», vÃ  Ä‘á»«ng quÃªn kiá»ƒm tra QUÃ€ Táº¶NG cá»§a báº¡n ngay bÃ¢y giá» ğŸ‘‰",ğŸ…ã‚µãƒ³ã‚¿ã‚¯ãƒ­ãƒ¼ã‚¹ã¯ã‚ãªãŸã®ãŸã‚ã®ã‚®ãƒ•ãƒˆã‚’æŒã£ã¦ã„ã¾ã™,ã¾ãšã€ãƒ¡ãƒªãƒ¼ã‚¯ãƒªã‚¹ãƒã‚¹ã€‚ ãã—ã¦ç¬¬äºŒã«ã€ä»Šã‚ãªãŸã®ã‚®ãƒ•ãƒˆã‚’ãƒã‚§ãƒƒã‚¯ã—ã¦ãã ã•ã„ğŸ‘‰,ğŸ…Santa Claus ha un REGALO per te,"Innanzitutto, Buon Natale. E in secondo luogo, controlla il tuo REGALO ora ğŸ‘‰",ğŸ… à¤¸à¤¾à¤‚à¤¤à¤¾ à¤•à¥à¤²à¥‰à¤œà¤¼ à¤•à¥‡ à¤ªà¤¾à¤¸ à¤†à¤ªà¤•à¥‡ à¤²à¤¿à¤ à¤à¤• à¤‰à¤ªà¤¹à¤¾à¤° à¤¹à¥ˆ,"à¤¸à¤¬à¤¸à¥‡ à¤ªà¤¹à¤²à¥‡, à¤®à¥‡à¤°à¥€ à¤•à¥à¤°à¤¿à¤¸à¤®à¤¸à¥¤ à¤”à¤° à¤¦à¥‚à¤¸à¤°à¤¾, à¤…à¤­à¥€ à¤…à¤ªà¤¨à¤¾ à¤—à¤¿à¤«à¥à¤Ÿ à¤šà¥‡à¤• à¤•à¤°à¥‡à¤‚ ğŸ‘‰",ğŸ…à¸‹à¸²à¸™à¸•à¸²à¸„à¸¥à¸­à¸ªà¸¡à¸µà¸‚à¸­à¸‡à¸‚à¸§à¸±à¸à¹ƒà¸«à¹‰à¸„à¸¸à¸“,à¸à¹ˆà¸­à¸™à¸­à¸·à¹ˆà¸™ à¸ªà¸¸à¸‚à¸ªà¸±à¸™à¸•à¹Œà¸§à¸±à¸™à¸„à¸£à¸´à¸ªà¸•à¹Œà¸¡à¸²à¸ª à¸›à¸£à¸°à¸à¸²à¸£à¸—à¸µà¹ˆà¸ªà¸­à¸‡ à¸•à¸£à¸§à¸ˆà¸ªà¸­à¸šà¸‚à¸­à¸‡à¸‚à¸§à¸±à¸à¸‚à¸­à¸‡à¸„à¸¸à¸“à¸•à¸­à¸™à¸™à¸µà¹‰ğŸ‘‰,ğŸ…Santa Claus ada HADIAH untuk anda,"Pertama, Selamat Hari Krismas. Dan Kedua, semak GIFT anda sekarang ğŸ‘‰",ğŸ… Ø³Ø§Ù†ØªØ§ ÙƒÙ„ÙˆØ² Ù„Ø¯ÙŠÙ‡Ø§ Ù‡Ø¯ÙŠØ© Ù„Ùƒ,Ø£ÙˆÙ„Ø§ ØŒ Ø¹ÙŠØ¯ Ù…ÙŠÙ„Ø§Ø¯ Ø³Ø¹ÙŠØ¯. ÙˆØ«Ø§Ù†ÙŠØ§Ù‹ ØŒ ØªØ­Ù‚Ù‚ Ù…Ù† GIFT Ø§Ù„Ø®Ø§Øµ Ø¨Ùƒ Ø§Ù„Ø¢Ù† ğŸ‘‰
12,25,70%,Merry Christmas!,15h,ğŸ…ONLY 100 Coupons for Christmas,"Discount -70%, I'm sure you never want to dismiss it! ğŸ˜˜ğŸ˜˜",ğŸ…SÃ“LO 100 Cupones para Navidad,"Descuento -70%, Â¡seguro que no querrÃ¡s descartarlo nunca! ğŸ˜˜ğŸ˜˜",ğŸ… APENAS 100 cupons de Natal,"Desconto de -70%, com certeza vocÃª nunca vai querer dispensar! ğŸ˜˜ğŸ˜˜",ğŸ… Ğ¢ĞĞ›Ğ¬ĞšĞ 100 ĞºÑƒĞ¿Ğ¾Ğ½Ğ¾Ğ² Ğ½Ğ° Ğ Ğ¾Ğ¶Ğ´ĞµÑÑ‚Ğ²Ğ¾,"Ğ¡ĞºĞ¸Ğ´ĞºĞ° -70%, Ğ½Ğ°Ğ²ĞµÑ€Ğ½ÑĞºĞ° Ğ²Ñ‹ Ğ½Ğ¸ĞºĞ¾Ğ³Ğ´Ğ° Ğ½Ğµ Ğ·Ğ°Ñ…Ğ¾Ñ‚Ğ¸Ñ‚Ğµ ÑĞ±Ñ€Ğ°ÑÑ‹Ğ²Ğ°Ñ‚ÑŒ ÑĞ¾ ÑÑ‡ĞµÑ‚Ğ¾Ğ²! ğŸ˜˜ğŸ˜˜",ğŸ…Ğ›Ğ˜Ğ¨Ğ• 100 ĞºÑƒĞ¿Ğ¾Ğ½Ñ–Ğ² Ğ½Ğ° Ğ Ñ–Ğ·Ğ´Ğ²Ğ¾,"Ğ—Ğ½Ğ¸Ğ¶ĞºĞ° -70%, Ñ‚Ğ¾Ñ‡Ğ½Ğ¾ Ğ²Ğ¸ Ğ½Ñ–ĞºĞ¾Ğ»Ğ¸ Ğ½Ğµ Ğ·Ğ°Ñ…Ğ¾Ñ‡ĞµÑ‚Ğµ Ğ²Ñ–Ğ´ Ğ½ĞµÑ— Ğ²Ñ–Ğ´Ğ¼Ğ¾Ğ²Ğ¸Ñ‚Ğ¸ÑÑ! ğŸ˜˜ğŸ˜˜",ğŸ…NUR 100 Gutscheine zu Weihnachten,"Rabatt -70%, Sie werden es sicherlich nie mehr missen wollen! ğŸ˜˜ğŸ˜˜",ğŸ…SEULEMENT 100 coupons pour NoÃ«l,"Remise -70%, vous ne voudrez sÃ»rement plus jamais la rejeter ! ğŸ˜˜ğŸ˜˜",ğŸ… HANYA 100 Kupon untuk Natal,"Diskon -70%, pasti kamu tidak akan pernah mau menyia-nyiakannya! ğŸ˜˜ğŸ˜˜",ğŸ…í¬ë¦¬ìŠ¤ë§ˆìŠ¤ë¥¼ ìœ„í•œ ë‹¨ 100ê°œì˜ ì¿ í°,"í• ì¸ -70%, í™•ì‹¤íˆ ë‹¹ì‹ ì€ ê·¸ê²ƒì„ ë¬´ì‹œí•˜ê³  ì‹¶ì§€ ì•Šì„ ê²ƒì…ë‹ˆë‹¤! ğŸ˜˜ğŸ˜˜",ğŸ…CHá»ˆ 100 Phiáº¿u giáº£m giÃ¡ dá»‹p GiÃ¡ng Sinh,"Giáº£m giÃ¡ -70%, cháº¯c cháº¯n báº¡n sáº½ khÃ´ng muá»‘n bá» lá»¡ Ä‘Ã¢u! ğŸ˜˜ğŸ˜˜",ğŸ…ã‚¯ãƒªã‚¹ãƒã‚¹ã®ã‚¯ãƒ¼ãƒãƒ³ã¯100æšã®ã¿,-50ï¼…å‰²å¼•ã€ãã£ã¨è¦‹é€ƒã—ãŸããªã„ã§ã—ã‚‡ã†ï¼ ğŸ˜˜ğŸ˜˜,ğŸ…SOLO 100 Coupon per Natale,"Sconto -70%, sicuramente non vorrai perderlo! ğŸ˜˜ğŸ˜˜",ğŸ… à¤•à¥à¤°à¤¿à¤¸à¤®à¤¸ à¤•à¥‡ à¤²à¤¿à¤ à¤•à¥‡à¤µà¤² 100 à¤•à¥‚à¤ªà¤¨,"à¤›à¥‚à¤Ÿ -70%, à¤¨à¤¿à¤¶à¥à¤šà¤¿à¤¤ à¤°à¥‚à¤ª à¤¸à¥‡ à¤†à¤ª à¤‡à¤¸à¥‡ à¤•à¤­à¥€ à¤¨à¤¹à¥€à¤‚ à¤›à¥‹à¤¡à¤¼à¤¨à¤¾ à¤šà¤¾à¤¹à¥‡à¤‚à¤—à¥‡! ğŸ˜˜ğŸ˜˜",ğŸ…à¹€à¸à¸µà¸¢à¸‡ 100 à¸„à¸¹à¸›à¸­à¸‡à¸ªà¸³à¸«à¸£à¸±à¸šà¸„à¸£à¸´à¸ªà¸•à¹Œà¸¡à¸²à¸ª,à¸¥à¸” -70% à¹„à¸¡à¹ˆà¸à¸¥à¸²à¸”à¹à¸™à¹ˆà¸™à¸­à¸™! ğŸ˜˜ğŸ˜˜,ğŸ…HANYA 100 Kupon untuk Krismas,"Diskaun -70%, pasti anda tidak akan mahu ketinggalan! ğŸ˜˜ğŸ˜˜",ğŸ… ÙÙ‚Ø· 100 ÙƒÙˆØ¨ÙˆÙ† Ù„Ø¹ÙŠØ¯ Ø§Ù„Ù…ÙŠÙ„Ø§Ø¯,Ø®ØµÙ… -50Ùª ØŒ Ø¨Ø§Ù„ØªØ£ÙƒÙŠØ¯ Ù„Ù† ØªØ±ØºØ¨ Ø£Ø¨Ø¯Ù‹Ø§ ÙÙŠ ØªÙÙˆÙŠØªÙ‡Ø§! ğŸ˜˜ğŸ˜˜
12,25,70%,Merry Christmas!,20h,ğŸ„Christmas Sale ending soon!,Hurry Up to Grab the DEAL ğŸ‘‰,ğŸ„Â¡La oferta navideÃ±a termina pronto!,Date prisa para conseguir la OFERTA ğŸ‘‰,ğŸ„ Venda de Natal terminando em breve!,Apresse-se para conseguir o NEGÃ“CIO ğŸ‘‰,ğŸ„Ğ Ğ¾Ğ¶Ğ´ĞµÑÑ‚Ğ²ĞµĞ½ÑĞºĞ°Ñ Ñ€Ğ°ÑĞ¿Ñ€Ğ¾Ğ´Ğ°Ğ¶Ğ° ÑĞºĞ¾Ñ€Ğ¾ Ğ·Ğ°ĞºĞ¾Ğ½Ñ‡Ğ¸Ñ‚ÑÑ!,Ğ¡Ğ¿ĞµÑˆĞ¸Ñ‚Ğµ Ğ¿Ğ¾Ğ»ÑƒÑ‡Ğ¸Ñ‚ÑŒ Ğ¡Ğ”Ğ•Ğ›ĞšĞ£ ğŸ‘‰,ğŸ„Ğ Ñ–Ğ·Ğ´Ğ²ÑĞ½Ğ¸Ğ¹ Ñ€Ğ¾Ğ·Ğ¿Ñ€Ğ¾Ğ´Ğ°Ğ¶ Ğ½ĞµĞ·Ğ°Ğ±Ğ°Ñ€Ğ¾Ğ¼ Ğ·Ğ°ĞºÑ–Ğ½Ñ‡Ğ¸Ñ‚ÑŒÑÑ!,ĞŸĞ¾ÑĞ¿Ñ–ÑˆĞ°Ğ¹Ñ‚Ğµ Ğ¾Ñ‚Ñ€Ğ¸Ğ¼Ğ°Ñ‚Ğ¸ ĞĞšĞ¦Ğ†Ğ® ğŸ‘‰,ğŸ„Weihnachtsverkauf endet bald!,"Beeilen Sie sich, um das DEAL zu erhalten ğŸ‘‰",ğŸ„La vente de NoÃ«l se termine bientÃ´t !,DÃ©pÃªchez-vous pour obtenir le DEAL ğŸ‘‰,ğŸ„ Penjualan Natal akan segera berakhir!,Cepat Dapatkan DEAL ğŸ‘‰,ğŸ„í¬ë¦¬ìŠ¤ë§ˆìŠ¤ ì„¸ì¼ì´ ê³§ ì¢…ë£Œë©ë‹ˆë‹¤!,ì„œë‘ë¥´ì„¸ìš” ğŸ‘‰,ğŸ„ Æ¯u ÄÃ£i GiÃ¡ng Sinh sáº¯p káº¿t thÃºc!,Nhanh Tay LÃªn Äá»ƒ Nháº­n DEAL Há»i ğŸ‘‰,ğŸ„ã‚¯ãƒªã‚¹ãƒã‚¹ã‚»ãƒ¼ãƒ«ã¯ã¾ã‚‚ãªãçµ‚äº†ã—ã¾ã™ï¼,æ€¥ã„ã§æœ€é«˜ã®å–å¼•ã‚’æ‰‹ã«å…¥ã‚Œã‚ˆã†ğŸ‘‰,ğŸ„I saldi di Natale stanno per terminare!,Affrettati per ottenere il miglior AFFARE ğŸ‘‰,ğŸ„ à¤•à¥à¤°à¤¿à¤¸à¤®à¤¸ à¤¸à¥‡à¤² à¤œà¤²à¥à¤¦ à¤–à¤¤à¥à¤® à¤¹à¥‹ à¤°à¤¹à¥€ à¤¹à¥ˆ!,à¤¸à¤¬à¤¸à¥‡ à¤…à¤šà¥à¤›à¤¾ à¤¸à¥Œà¤¦à¤¾ à¤ªà¤¾à¤¨à¥‡ à¤•à¥‡ à¤²à¤¿à¤ à¤œà¤²à¥à¤¦à¥€ à¤•à¤°à¥‡à¤‚ ğŸ‘‰,ğŸ„à¸„à¸£à¸´à¸ªà¸•à¹Œà¸¡à¸²à¸ªà¹€à¸‹à¸¥à¹ƒà¸à¸¥à¹‰à¸ˆà¸°à¸ªà¸´à¹‰à¸™à¸ªà¸¸à¸”à¹à¸¥à¹‰à¸§!,à¸£à¸µà¸šà¹„à¸›à¸£à¸±à¸šà¸‚à¹‰à¸­à¹€à¸ªà¸™à¸­à¸—à¸µà¹ˆà¸”à¸µà¸—à¸µà¹ˆà¸ªà¸¸à¸” ğŸ‘‰,ğŸ„Jualan Krismas akan tamat tidak lama lagi!,Cepat Dapatkan TAWARAN terbaik ğŸ‘‰,ğŸ„ØªÙ†ØªÙ‡ÙŠ ØªØ®ÙÙŠØ¶Ø§Øª Ø¹ÙŠØ¯ Ø§Ù„Ù…ÙŠÙ„Ø§Ø¯ Ù‚Ø±ÙŠØ¨Ù‹Ø§!,Ø³Ø§Ø±Ø¹ Ù„Ù„Ø­ØµÙˆÙ„ Ø¹Ù„Ù‰ Ø£ÙØ¶Ù„ ØµÙÙ‚Ø© ğŸ‘‰